datetime,symbol,open,high,low,close,volume
2024-02-23 09:15:00,NSE:NIFTY,22295.5,22297.5,22243.75,22259.75,10991489.0
2024-02-23 09:20:00,NSE:NIFTY,22259.2,22261.85,22246.25,22249.2,6076141.0
2024-02-23 09:25:00,NSE:NIFTY,22247.45,22258.3,22232.45,22233.45,4944276.0
2024-02-23 09:30:00,NSE:NIFTY,22232.8,22246.65,22216.35,22229.85,4217568.0
2024-02-23 09:35:00,NSE:NIFTY,22231.05,22265.0,22229.3,22259.2,3476863.0
2024-02-23 09:40:00,NSE:NIFTY,22258.25,22268.2,22255.8,22256.65,3702289.0
2024-02-23 09:45:00,NSE:NIFTY,22256.95,22266.5,22244.15,22245.05,4589808.0
2024-02-23 09:50:00,NSE:NIFTY,22245.25,22265.3,22237.3,22245.7,2732442.0
2024-02-23 09:55:00,NSE:NIFTY,22246.45,22256.75,22234.3,22253.75,2695319.0
2024-02-23 10:00:00,NSE:NIFTY,22254.85,22262.85,22241.8,22255.0,3633690.0
2024-02-23 10:05:00,NSE:NIFTY,22253.45,22264.9,22248.05,22259.2,3028239.0
2024-02-23 10:10:00,NSE:NIFTY,22258.9,22270.0,22255.4,22269.95,2729735.0
2024-02-23 10:15:00,NSE:NIFTY,22271.1,22279.05,22267.45,22275.95,4555998.0
2024-02-23 10:20:00,NSE:NIFTY,22276.1,22280.75,22237.6,22239.85,3508199.0
2024-02-23 10:25:00,NSE:NIFTY,22237.9,22244.5,22221.3,22227.8,3534825.0
2024-02-23 10:30:00,NSE:NIFTY,22228.4,22234.15,22209.15,22221.15,3505990.0
2024-02-23 10:35:00,NSE:NIFTY,22222.55,22228.3,22206.0,22213.15,3098646.0
2024-02-23 10:40:00,NSE:NIFTY,22213.65,22237.65,22209.4,22227.6,3240166.0
2024-02-23 10:45:00,NSE:NIFTY,22228.0,22234.0,22220.7,22227.15,3029663.0
2024-02-23 10:50:00,NSE:NIFTY,22227.75,22238.05,22220.15,22238.05,2251533.0
2024-02-23 10:55:00,NSE:NIFTY,22238.15,22238.15,22226.25,22230.8,1983005.0
2024-02-23 11:00:00,NSE:NIFTY,22229.6,22249.6,22228.45,22248.0,2378305.0
2024-02-23 11:05:00,NSE:NIFTY,22248.85,22261.1,22245.15,22248.4,2155145.0
2024-02-23 11:10:00,NSE:NIFTY,22248.25,22252.9,22235.15,22236.7,1879624.0
2024-02-23 11:15:00,NSE:NIFTY,22236.65,22243.4,22231.75,22242.25,1653621.0
2024-02-23 11:20:00,NSE:NIFTY,22242.55,22257.65,22233.75,22257.4,1892382.0
2024-02-23 11:25:00,NSE:NIFTY,22257.75,22257.75,22243.65,22248.65,1520510.0
2024-02-23 11:30:00,NSE:NIFTY,22249.7,22255.05,22244.4,22253.4,1609870.0
2024-02-23 11:35:00,NSE:NIFTY,22252.65,22255.25,22246.1,22254.2,1264611.0
2024-02-23 11:40:00,NSE:NIFTY,22253.7,22258.9,22250.35,22254.7,1518151.0
2024-02-23 11:45:00,NSE:NIFTY,22254.5,22259.85,22250.2,22254.45,1798103.0
2024-02-23 11:50:00,NSE:NIFTY,22255.0,22255.95,22225.25,22228.35,2154078.0
2024-02-23 11:55:00,NSE:NIFTY,22228.65,22244.7,22224.35,22234.2,2171830.0
2024-02-23 12:00:00,NSE:NIFTY,22233.85,22239.55,22223.3,22234.0,1668186.0
2024-02-23 12:05:00,NSE:NIFTY,22234.05,22243.7,22232.15,22241.05,1595272.0
2024-02-23 12:10:00,NSE:NIFTY,22240.15,22240.15,22224.95,22234.9,1567538.0
2024-02-23 12:15:00,NSE:NIFTY,22233.25,22236.25,22226.8,22232.2,1582439.0
2024-02-23 12:20:00,NSE:NIFTY,22232.3,22250.7,22229.5,22250.25,1737577.0
2024-02-23 12:25:00,NSE:NIFTY,22250.85,22259.05,22246.2,22256.05,2025693.0
2024-02-23 12:30:00,NSE:NIFTY,22256.35,22260.2,22249.0,22254.4,2413693.0
2024-02-23 12:35:00,NSE:NIFTY,22254.25,22263.6,22250.5,22259.7,2024242.0
2024-02-23 12:40:00,NSE:NIFTY,22260.3,22264.25,22250.95,22263.7,2544775.0
2024-02-23 12:45:00,NSE:NIFTY,22262.8,22264.6,22254.1,22255.5,2268590.0
2024-02-23 12:50:00,NSE:NIFTY,22255.9,22268.0,22255.3,22267.55,2000688.0
2024-02-23 12:55:00,NSE:NIFTY,22267.15,22269.8,22257.6,22258.85,1640667.0
2024-02-23 13:00:00,NSE:NIFTY,22258.3,22262.9,22254.8,22259.3,2203958.0
2024-02-23 13:05:00,NSE:NIFTY,22260.15,22262.5,22243.7,22255.85,2432245.0
2024-02-23 13:10:00,NSE:NIFTY,22254.9,22258.15,22246.1,22252.45,2640338.0
2024-02-23 13:15:00,NSE:NIFTY,22252.75,22256.7,22244.15,22254.2,2113587.0
2024-02-23 13:20:00,NSE:NIFTY,22253.8,22254.65,22228.05,22229.65,3010271.0
2024-02-23 13:25:00,NSE:NIFTY,22231.3,22233.65,22200.45,22231.05,4471877.0
2024-02-23 13:30:00,NSE:NIFTY,22231.5,22258.4,22223.2,22244.45,2277024.0
2024-02-23 13:35:00,NSE:NIFTY,22244.25,22248.05,22235.45,22243.55,1715552.0
2024-02-23 13:40:00,NSE:NIFTY,22244.55,22245.85,22232.5,22233.25,1750113.0
2024-02-23 13:45:00,NSE:NIFTY,22233.15,22248.1,22231.7,22236.8,2097011.0
2024-02-23 13:50:00,NSE:NIFTY,22237.35,22241.9,22231.95,22237.4,2094012.0
2024-02-23 13:55:00,NSE:NIFTY,22237.75,22241.35,22230.55,22236.4,2016239.0
2024-02-23 14:00:00,NSE:NIFTY,22237.5,22250.25,22224.8,22245.5,1992902.0
2024-02-23 14:05:00,NSE:NIFTY,22246.2,22248.3,22220.65,22222.2,1989803.0
2024-02-23 14:10:00,NSE:NIFTY,22223.35,22234.65,22212.05,22212.05,2510399.0
2024-02-23 14:15:00,NSE:NIFTY,22212.2,22234.9,22206.8,22231.85,2877002.0
2024-02-23 14:20:00,NSE:NIFTY,22231.95,22243.65,22225.6,22232.85,2550051.0
2024-02-23 14:25:00,NSE:NIFTY,22233.05,22238.05,22219.2,22236.6,2684445.0
2024-02-23 14:30:00,NSE:NIFTY,22237.45,22237.45,22220.4,22224.05,2476982.0
2024-02-23 14:35:00,NSE:NIFTY,22225.85,22246.35,22220.75,22245.2,2426491.0
2024-02-23 14:40:00,NSE:NIFTY,22245.95,22251.3,22235.25,22246.25,2193771.0
2024-02-23 14:45:00,NSE:NIFTY,22247.0,22247.6,22225.3,22225.3,2461757.0
2024-02-23 14:50:00,NSE:NIFTY,22224.75,22240.95,22223.15,22235.95,2887482.0
2024-02-23 14:55:00,NSE:NIFTY,22236.25,22244.8,22228.25,22242.65,2710165.0
2024-02-23 15:00:00,NSE:NIFTY,22241.6,22242.85,22209.5,22215.25,6512865.0
2024-02-23 15:05:00,NSE:NIFTY,22215.7,22233.3,22210.65,22225.9,5794811.0
2024-02-23 15:10:00,NSE:NIFTY,22226.55,22229.75,22212.15,22213.25,6110664.0
2024-02-23 15:15:00,NSE:NIFTY,22214.15,22214.4,22186.1,22207.25,8103269.0
2024-02-23 15:20:00,NSE:NIFTY,22207.7,22223.85,22197.4,22215.35,7026630.0
2024-02-23 15:25:00,NSE:NIFTY,22217.15,22218.15,22190.5,22194.25,5458154.0
2024-02-26 09:15:00,NSE:NIFTY,22173.95,22176.9,22141.0,22167.15,8889354.0
2024-02-26 09:20:00,NSE:NIFTY,22167.75,22187.75,22153.45,22186.3,5994771.0
2024-02-26 09:25:00,NSE:NIFTY,22187.15,22189.65,22167.65,22180.05,5716613.0
2024-02-26 09:30:00,NSE:NIFTY,22180.4,22183.7,22168.15,22174.8,4376422.0
2024-02-26 09:35:00,NSE:NIFTY,22176.15,22187.85,22170.2,22183.15,3907219.0
2024-02-26 09:40:00,NSE:NIFTY,22182.45,22199.9,22178.3,22198.0,3890185.0
2024-02-26 09:45:00,NSE:NIFTY,22197.85,22202.15,22181.6,22181.6,3421724.0
2024-02-26 09:50:00,NSE:NIFTY,22178.85,22178.85,22126.35,22148.7,4463923.0
2024-02-26 09:55:00,NSE:NIFTY,22148.65,22148.65,22113.65,22114.1,3317985.0
2024-02-26 10:00:00,NSE:NIFTY,22113.7,22135.5,22111.8,22127.85,2994632.0
2024-02-26 10:05:00,NSE:NIFTY,22129.05,22149.35,22126.05,22133.1,3090235.0
2024-02-26 10:10:00,NSE:NIFTY,22134.1,22148.85,22130.6,22148.35,3196804.0
2024-02-26 10:15:00,NSE:NIFTY,22149.2,22149.2,22133.0,22134.55,2771130.0
2024-02-26 10:20:00,NSE:NIFTY,22134.2,22153.05,22129.6,22141.65,3081556.0
2024-02-26 10:25:00,NSE:NIFTY,22139.85,22145.35,22119.05,22119.95,3058367.0
2024-02-26 10:30:00,NSE:NIFTY,22118.8,22137.95,22118.8,22136.8,1892361.0
2024-02-26 10:35:00,NSE:NIFTY,22137.45,22149.25,22131.9,22142.1,4240137.0
2024-02-26 10:40:00,NSE:NIFTY,22142.05,22142.05,22121.9,22123.7,3491761.0
2024-02-26 10:45:00,NSE:NIFTY,22122.5,22137.9,22118.75,22137.9,2617351.0
2024-02-26 10:50:00,NSE:NIFTY,22138.35,22138.35,22123.9,22126.75,2839959.0
2024-02-26 10:55:00,NSE:NIFTY,22127.4,22127.4,22108.35,22109.4,2371310.0
2024-02-26 11:00:00,NSE:NIFTY,22108.8,22129.1,22100.9,22129.1,2364249.0
2024-02-26 11:05:00,NSE:NIFTY,22130.1,22138.7,22128.25,22132.7,1846664.0
2024-02-26 11:10:00,NSE:NIFTY,22132.6,22133.35,22122.5,22124.25,1577902.0
2024-02-26 11:15:00,NSE:NIFTY,22124.6,22132.8,22119.8,22130.5,2868358.0
2024-02-26 11:20:00,NSE:NIFTY,22130.05,22130.25,22115.55,22125.1,2146353.0
2024-02-26 11:25:00,NSE:NIFTY,22124.75,22132.3,22124.55,22130.8,2339346.0
2024-02-26 11:30:00,NSE:NIFTY,22130.9,22132.0,22113.4,22113.4,1769600.0
2024-02-26 11:35:00,NSE:NIFTY,22113.45,22116.8,22106.2,22112.7,2103414.0
2024-02-26 11:40:00,NSE:NIFTY,22112.0,22112.8,22096.95,22111.1,3057008.0
2024-02-26 11:45:00,NSE:NIFTY,22109.8,22118.15,22108.15,22112.65,1844202.0
2024-02-26 11:50:00,NSE:NIFTY,22113.15,22114.6,22088.85,22089.7,2584667.0
2024-02-26 11:55:00,NSE:NIFTY,22088.7,22102.6,22082.95,22101.0,2771525.0
2024-02-26 12:00:00,NSE:NIFTY,22101.05,22109.75,22098.8,22100.9,2064338.0
2024-02-26 12:05:00,NSE:NIFTY,22100.8,22109.3,22099.4,22100.15,1306906.0
2024-02-26 12:10:00,NSE:NIFTY,22100.5,22100.95,22092.55,22096.7,1698683.0
2024-02-26 12:15:00,NSE:NIFTY,22096.25,22097.05,22075.15,22080.65,1876501.0
2024-02-26 12:20:00,NSE:NIFTY,22080.85,22096.4,22079.4,22093.0,1607986.0
2024-02-26 12:25:00,NSE:NIFTY,22092.95,22114.05,22091.65,22108.55,1963279.0
2024-02-26 12:30:00,NSE:NIFTY,22108.8,22111.95,22102.0,22108.7,1562189.0
2024-02-26 12:35:00,NSE:NIFTY,22109.3,22110.7,22099.85,22104.15,1356890.0
2024-02-26 12:40:00,NSE:NIFTY,22104.3,22111.35,22098.35,22101.6,1746325.0
2024-02-26 12:45:00,NSE:NIFTY,22101.2,22104.7,22094.8,22096.3,1442447.0
2024-02-26 12:50:00,NSE:NIFTY,22096.0,22110.55,22093.8,22108.75,1602806.0
2024-02-26 12:55:00,NSE:NIFTY,22108.55,22126.1,22106.45,22124.55,2118248.0
2024-02-26 13:00:00,NSE:NIFTY,22124.4,22127.9,22115.1,22117.55,1837811.0
2024-02-26 13:05:00,NSE:NIFTY,22117.7,22136.2,22117.7,22134.75,1478987.0
2024-02-26 13:10:00,NSE:NIFTY,22134.1,22152.8,22133.05,22142.0,3097844.0
2024-02-26 13:15:00,NSE:NIFTY,22141.8,22162.5,22141.4,22153.85,2102257.0
2024-02-26 13:20:00,NSE:NIFTY,22153.05,22155.0,22142.3,22144.85,2414055.0
2024-02-26 13:25:00,NSE:NIFTY,22144.6,22151.5,22142.85,22146.6,1307683.0
2024-02-26 13:30:00,NSE:NIFTY,22146.05,22151.35,22129.45,22135.55,1656205.0
2024-02-26 13:35:00,NSE:NIFTY,22135.0,22145.6,22129.75,22137.15,1387189.0
2024-02-26 13:40:00,NSE:NIFTY,22137.1,22142.0,22131.1,22131.45,1373504.0
2024-02-26 13:45:00,NSE:NIFTY,22131.65,22160.95,22131.05,22158.45,2054144.0
2024-02-26 13:50:00,NSE:NIFTY,22157.8,22166.05,22154.35,22161.5,2087327.0
2024-02-26 13:55:00,NSE:NIFTY,22161.1,22164.65,22147.9,22158.75,1936355.0
2024-02-26 14:00:00,NSE:NIFTY,22158.55,22165.65,22154.9,22159.75,1659461.0
2024-02-26 14:05:00,NSE:NIFTY,22160.35,22173.85,22158.9,22167.9,1692070.0
2024-02-26 14:10:00,NSE:NIFTY,22168.1,22170.3,22153.95,22153.95,1923122.0
2024-02-26 14:15:00,NSE:NIFTY,22154.4,22156.6,22145.4,22154.65,1984313.0
2024-02-26 14:20:00,NSE:NIFTY,22154.55,22173.6,22153.75,22167.35,1867587.0
2024-02-26 14:25:00,NSE:NIFTY,22166.75,22169.3,22155.6,22159.9,1756207.0
2024-02-26 14:30:00,NSE:NIFTY,22160.4,22166.65,22146.3,22148.0,2538421.0
2024-02-26 14:35:00,NSE:NIFTY,22148.1,22159.35,22138.95,22138.95,2566260.0
2024-02-26 14:40:00,NSE:NIFTY,22138.75,22148.05,22138.35,22142.7,2672048.0
2024-02-26 14:45:00,NSE:NIFTY,22143.2,22149.8,22120.75,22124.35,2152443.0
2024-02-26 14:50:00,NSE:NIFTY,22124.3,22128.15,22114.3,22116.75,2557921.0
2024-02-26 14:55:00,NSE:NIFTY,22116.2,22125.55,22115.75,22118.3,2343243.0
2024-02-26 15:00:00,NSE:NIFTY,22120.6,22147.65,22116.75,22131.8,5010076.0
2024-02-26 15:05:00,NSE:NIFTY,22132.4,22133.4,22122.1,22132.55,4574243.0
2024-02-26 15:10:00,NSE:NIFTY,22131.95,22133.95,22123.5,22126.4,4565910.0
2024-02-26 15:15:00,NSE:NIFTY,22126.45,22128.05,22109.8,22118.55,6453138.0
2024-02-26 15:20:00,NSE:NIFTY,22118.9,22120.25,22111.25,22115.6,5506301.0
2024-02-26 15:25:00,NSE:NIFTY,22117.0,22128.6,22111.55,22117.15,4691489.0
2024-02-27 09:15:00,NSE:NIFTY,22099.8,22117.05,22085.65,22091.2,10143623.0
2024-02-27 09:20:00,NSE:NIFTY,22092.3,22131.45,22086.75,22127.15,5830752.0
2024-02-27 09:25:00,NSE:NIFTY,22125.05,22138.4,22124.15,22125.5,4401695.0
2024-02-27 09:30:00,NSE:NIFTY,22127.25,22137.2,22109.9,22132.15,4549745.0
2024-02-27 09:35:00,NSE:NIFTY,22131.6,22136.65,22121.45,22136.5,3324671.0
2024-02-27 09:40:00,NSE:NIFTY,22136.25,22143.15,22121.95,22128.15,3397349.0
2024-02-27 09:45:00,NSE:NIFTY,22126.95,22145.25,22126.95,22143.1,4976676.0
2024-02-27 09:50:00,NSE:NIFTY,22143.35,22151.8,22124.15,22129.9,4423001.0
2024-02-27 09:55:00,NSE:NIFTY,22128.85,22140.45,22120.15,22140.45,3292224.0
2024-02-27 10:00:00,NSE:NIFTY,22139.5,22148.95,22137.55,22143.65,2887801.0
2024-02-27 10:05:00,NSE:NIFTY,22143.85,22147.65,22109.45,22111.35,4154416.0
2024-02-27 10:10:00,NSE:NIFTY,22110.95,22124.55,22102.5,22109.05,3554256.0
2024-02-27 10:15:00,NSE:NIFTY,22108.5,22127.85,22105.85,22123.5,2464330.0
2024-02-27 10:20:00,NSE:NIFTY,22124.6,22125.8,22104.2,22111.0,3331423.0
2024-02-27 10:25:00,NSE:NIFTY,22111.75,22122.5,22108.8,22109.8,2771602.0
2024-02-27 10:30:00,NSE:NIFTY,22108.4,22121.3,22103.6,22120.8,2980610.0
2024-02-27 10:35:00,NSE:NIFTY,22121.35,22127.2,22114.35,22124.2,2026028.0
2024-02-27 10:40:00,NSE:NIFTY,22124.35,22135.05,22118.35,22135.05,3016588.0
2024-02-27 10:45:00,NSE:NIFTY,22135.6,22141.35,22131.5,22137.85,4137229.0
2024-02-27 10:50:00,NSE:NIFTY,22137.8,22148.15,22133.55,22141.5,2716232.0
2024-02-27 10:55:00,NSE:NIFTY,22140.85,22148.95,22140.75,22147.15,2076116.0
2024-02-27 11:00:00,NSE:NIFTY,22147.0,22158.65,22146.9,22153.0,3122826.0
2024-02-27 11:05:00,NSE:NIFTY,22153.3,22156.8,22144.1,22144.4,2481506.0
2024-02-27 11:10:00,NSE:NIFTY,22145.05,22150.7,22142.25,22145.1,1985655.0
2024-02-27 11:15:00,NSE:NIFTY,22144.65,22148.0,22130.95,22131.95,2242301.0
2024-02-27 11:20:00,NSE:NIFTY,22132.25,22154.9,22125.7,22152.1,3191259.0
2024-02-27 11:25:00,NSE:NIFTY,22153.05,22170.0,22151.7,22162.4,2694059.0
2024-02-27 11:30:00,NSE:NIFTY,22162.5,22166.6,22160.4,22166.1,1572339.0
2024-02-27 11:35:00,NSE:NIFTY,22166.0,22167.05,22161.35,22163.0,1391870.0
2024-02-27 11:40:00,NSE:NIFTY,22162.75,22169.05,22147.7,22153.8,2358184.0
2024-02-27 11:45:00,NSE:NIFTY,22152.8,22156.95,22143.0,22147.8,2072690.0
2024-02-27 11:50:00,NSE:NIFTY,22148.1,22152.65,22134.2,22135.55,3174463.0
2024-02-27 11:55:00,NSE:NIFTY,22135.8,22141.6,22125.15,22136.0,2333071.0
2024-02-27 12:00:00,NSE:NIFTY,22136.65,22144.8,22120.1,22120.65,2374148.0
2024-02-27 12:05:00,NSE:NIFTY,22120.45,22125.25,22112.85,22115.75,1824765.0
2024-02-27 12:10:00,NSE:NIFTY,22115.9,22125.5,22109.0,22124.3,1485215.0
2024-02-27 12:15:00,NSE:NIFTY,22124.9,22131.5,22115.45,22117.7,1833522.0
2024-02-27 12:20:00,NSE:NIFTY,22117.05,22129.1,22117.05,22128.05,1849466.0
2024-02-27 12:25:00,NSE:NIFTY,22128.15,22135.95,22124.95,22132.5,1591414.0
2024-02-27 12:30:00,NSE:NIFTY,22132.85,22142.85,22126.8,22130.8,1689779.0
2024-02-27 12:35:00,NSE:NIFTY,22130.65,22156.7,22130.3,22155.65,2328970.0
2024-02-27 12:40:00,NSE:NIFTY,22154.7,22164.5,22153.6,22161.1,2269525.0
2024-02-27 12:45:00,NSE:NIFTY,22161.35,22184.1,22159.9,22183.2,2182438.0
2024-02-27 12:50:00,NSE:NIFTY,22183.7,22202.35,22183.35,22199.75,3594440.0
2024-02-27 12:55:00,NSE:NIFTY,22198.65,22207.7,22195.65,22203.65,2294564.0
2024-02-27 13:00:00,NSE:NIFTY,22204.9,22209.75,22189.6,22195.3,2665681.0
2024-02-27 13:05:00,NSE:NIFTY,22194.85,22198.8,22179.1,22184.05,3186010.0
2024-02-27 13:10:00,NSE:NIFTY,22184.6,22206.25,22182.15,22205.95,2101244.0
2024-02-27 13:15:00,NSE:NIFTY,22204.55,22215.7,22194.75,22212.3,2867305.0
2024-02-27 13:20:00,NSE:NIFTY,22212.15,22218.25,22200.05,22204.65,2409058.0
2024-02-27 13:25:00,NSE:NIFTY,22204.5,22207.0,22187.65,22191.4,2256781.0
2024-02-27 13:30:00,NSE:NIFTY,22191.45,22206.1,22191.45,22198.7,2297128.0
2024-02-27 13:35:00,NSE:NIFTY,22199.45,22202.75,22187.3,22190.6,2373789.0
2024-02-27 13:40:00,NSE:NIFTY,22190.5,22191.15,22166.05,22168.4,3596785.0
2024-02-27 13:45:00,NSE:NIFTY,22167.85,22169.85,22143.75,22149.1,3440844.0
2024-02-27 13:50:00,NSE:NIFTY,22149.55,22167.5,22146.9,22155.2,3173414.0
2024-02-27 13:55:00,NSE:NIFTY,22154.95,22157.1,22132.4,22145.1,3237811.0
2024-02-27 14:00:00,NSE:NIFTY,22144.2,22152.6,22134.55,22150.9,2915287.0
2024-02-27 14:05:00,NSE:NIFTY,22150.6,22164.8,22146.35,22149.95,3188342.0
2024-02-27 14:10:00,NSE:NIFTY,22150.6,22165.75,22148.45,22163.1,3057648.0
2024-02-27 14:15:00,NSE:NIFTY,22162.9,22178.55,22162.9,22167.7,3134712.0
2024-02-27 14:20:00,NSE:NIFTY,22168.1,22185.9,22165.55,22166.9,3600680.0
2024-02-27 14:25:00,NSE:NIFTY,22168.15,22168.45,22151.55,22154.5,3215523.0
2024-02-27 14:30:00,NSE:NIFTY,22154.55,22174.6,22149.7,22172.5,3087078.0
2024-02-27 14:35:00,NSE:NIFTY,22172.7,22184.5,22172.55,22176.25,3352851.0
2024-02-27 14:40:00,NSE:NIFTY,22176.2,22192.7,22174.0,22179.1,3840773.0
2024-02-27 14:45:00,NSE:NIFTY,22180.1,22188.55,22177.95,22178.35,4051336.0
2024-02-27 14:50:00,NSE:NIFTY,22179.4,22186.3,22170.2,22182.0,4051829.0
2024-02-27 14:55:00,NSE:NIFTY,22182.95,22193.05,22181.4,22188.85,4653556.0
2024-02-27 15:00:00,NSE:NIFTY,22189.9,22213.05,22186.85,22212.85,6587783.0
2024-02-27 15:05:00,NSE:NIFTY,22212.8,22216.6,22200.05,22206.05,6360797.0
2024-02-27 15:10:00,NSE:NIFTY,22206.4,22211.15,22201.65,22203.9,6657440.0
2024-02-27 15:15:00,NSE:NIFTY,22203.55,22205.0,22187.45,22190.0,7854023.0
2024-02-27 15:20:00,NSE:NIFTY,22190.8,22198.9,22178.35,22198.65,7259085.0
2024-02-27 15:25:00,NSE:NIFTY,22198.6,22200.05,22187.2,22194.2,5982606.0
2024-02-28 09:15:00,NSE:NIFTY,22223.75,22226.3,22188.45,22204.2,8206735.0
2024-02-28 09:20:00,NSE:NIFTY,22204.6,22213.95,22198.45,22211.3,4938786.0
2024-02-28 09:25:00,NSE:NIFTY,22212.0,22212.25,22192.65,22199.3,4237463.0
2024-02-28 09:30:00,NSE:NIFTY,22198.45,22207.1,22184.35,22206.0,3671657.0
2024-02-28 09:35:00,NSE:NIFTY,22205.6,22206.45,22195.9,22200.95,2352092.0
2024-02-28 09:40:00,NSE:NIFTY,22200.25,22213.15,22185.55,22209.5,3236825.0
2024-02-28 09:45:00,NSE:NIFTY,22210.2,22211.9,22196.6,22201.6,2720240.0
2024-02-28 09:50:00,NSE:NIFTY,22200.7,22207.2,22185.4,22188.5,2405740.0
2024-02-28 09:55:00,NSE:NIFTY,22188.75,22192.05,22175.35,22175.8,3042068.0
2024-02-28 10:00:00,NSE:NIFTY,22175.2,22196.75,22168.2,22194.1,2775106.0
2024-02-28 10:05:00,NSE:NIFTY,22194.25,22228.15,22193.0,22224.15,2297226.0
2024-02-28 10:10:00,NSE:NIFTY,22224.3,22229.15,22211.1,22219.0,2299297.0
2024-02-28 10:15:00,NSE:NIFTY,22218.95,22226.3,22209.35,22212.05,2095877.0
2024-02-28 10:20:00,NSE:NIFTY,22212.75,22224.5,22207.4,22209.7,2271135.0
2024-02-28 10:25:00,NSE:NIFTY,22210.1,22218.0,22207.05,22217.55,1971389.0
2024-02-28 10:30:00,NSE:NIFTY,22216.0,22217.75,22200.75,22202.5,2505735.0
2024-02-28 10:35:00,NSE:NIFTY,22202.35,22209.95,22190.95,22192.0,1872154.0
2024-02-28 10:40:00,NSE:NIFTY,22191.35,22205.2,22190.35,22200.7,1861964.0
2024-02-28 10:45:00,NSE:NIFTY,22200.4,22201.35,22175.4,22176.0,2033303.0
2024-02-28 10:50:00,NSE:NIFTY,22176.35,22176.35,22107.25,22116.55,4164642.0
2024-02-28 10:55:00,NSE:NIFTY,22116.25,22123.7,22063.95,22064.25,3888870.0
2024-02-28 11:00:00,NSE:NIFTY,22063.2,22063.85,22026.3,22031.8,4148015.0
2024-02-28 11:05:00,NSE:NIFTY,22029.8,22061.0,22021.15,22052.95,2491588.0
2024-02-28 11:10:00,NSE:NIFTY,22052.35,22075.05,22048.7,22062.05,1899591.0
2024-02-28 11:15:00,NSE:NIFTY,22062.7,22088.45,22061.85,22075.3,2187003.0
2024-02-28 11:20:00,NSE:NIFTY,22074.6,22078.85,22059.85,22065.1,2120812.0
2024-02-28 11:25:00,NSE:NIFTY,22064.75,22065.5,22046.75,22056.15,2126911.0
2024-02-28 11:30:00,NSE:NIFTY,22055.85,22063.85,22040.85,22055.55,2276055.0
2024-02-28 11:35:00,NSE:NIFTY,22054.75,22064.3,22049.05,22064.3,1471448.0
2024-02-28 11:40:00,NSE:NIFTY,22063.1,22064.6,22020.0,22022.95,2162196.0
2024-02-28 11:45:00,NSE:NIFTY,22023.1,22042.95,22001.3,22042.15,2173850.0
2024-02-28 11:50:00,NSE:NIFTY,22042.8,22043.95,22029.15,22037.15,1785968.0
2024-02-28 11:55:00,NSE:NIFTY,22035.45,22040.9,22030.85,22038.1,1873780.0
2024-02-28 12:00:00,NSE:NIFTY,22037.6,22043.25,22018.4,22023.65,1732520.0
2024-02-28 12:05:00,NSE:NIFTY,22023.4,22032.75,22015.05,22016.95,2948381.0
2024-02-28 12:10:00,NSE:NIFTY,22017.25,22041.85,22015.7,22038.3,1658037.0
2024-02-28 12:15:00,NSE:NIFTY,22039.05,22042.8,22033.55,22042.8,2674415.0
2024-02-28 12:20:00,NSE:NIFTY,22043.1,22054.55,22041.05,22053.6,2057606.0
2024-02-28 12:25:00,NSE:NIFTY,22051.95,22054.45,22039.1,22047.15,1428684.0
2024-02-28 12:30:00,NSE:NIFTY,22046.4,22049.55,22035.05,22037.4,2005269.0
2024-02-28 12:35:00,NSE:NIFTY,22036.4,22047.15,22026.65,22044.35,1373263.0
2024-02-28 12:40:00,NSE:NIFTY,22044.2,22054.65,22040.85,22051.75,1391147.0
2024-02-28 12:45:00,NSE:NIFTY,22051.55,22054.2,22029.4,22038.75,1706049.0
2024-02-28 12:50:00,NSE:NIFTY,22039.25,22047.0,22020.95,22020.95,1371387.0
2024-02-28 12:55:00,NSE:NIFTY,22017.95,22025.35,21976.95,21979.05,2193966.0
2024-02-28 13:00:00,NSE:NIFTY,21980.15,21993.1,21971.3,21987.5,2520452.0
2024-02-28 13:05:00,NSE:NIFTY,21987.65,21988.95,21939.0,21956.75,3339317.0
2024-02-28 13:10:00,NSE:NIFTY,21957.0,21964.2,21938.9,21942.5,3260047.0
2024-02-28 13:15:00,NSE:NIFTY,21943.9,21981.15,21943.7,21978.2,2516476.0
2024-02-28 13:20:00,NSE:NIFTY,21977.75,22004.0,21975.1,21999.8,1988546.0
2024-02-28 13:25:00,NSE:NIFTY,21999.75,22006.6,21984.1,22002.9,2097439.0
2024-02-28 13:30:00,NSE:NIFTY,22003.25,22032.55,21992.25,22021.45,2953091.0
2024-02-28 13:35:00,NSE:NIFTY,22021.85,22033.7,22008.9,22016.05,2720621.0
2024-02-28 13:40:00,NSE:NIFTY,22016.15,22023.1,22005.65,22015.1,1898950.0
2024-02-28 13:45:00,NSE:NIFTY,22014.65,22018.1,21993.15,22006.1,1763220.0
2024-02-28 13:50:00,NSE:NIFTY,22006.15,22026.4,22003.75,22022.9,1785062.0
2024-02-28 13:55:00,NSE:NIFTY,22021.6,22029.15,22011.0,22024.7,1628775.0
2024-02-28 14:00:00,NSE:NIFTY,22024.8,22034.8,22023.05,22030.25,1809881.0
2024-02-28 14:05:00,NSE:NIFTY,22030.45,22049.6,22029.9,22043.15,3370867.0
2024-02-28 14:10:00,NSE:NIFTY,22042.9,22050.25,22036.6,22044.85,2013788.0
2024-02-28 14:15:00,NSE:NIFTY,22044.6,22046.3,22021.65,22026.4,2264146.0
2024-02-28 14:20:00,NSE:NIFTY,22026.35,22029.35,22015.05,22018.9,2175046.0
2024-02-28 14:25:00,NSE:NIFTY,22018.85,22036.0,22016.4,22033.2,2058255.0
2024-02-28 14:30:00,NSE:NIFTY,22032.7,22037.45,21980.45,21982.7,2921409.0
2024-02-28 14:35:00,NSE:NIFTY,21981.8,21996.3,21976.1,21984.75,2408197.0
2024-02-28 14:40:00,NSE:NIFTY,21984.35,21990.85,21966.25,21974.2,2339759.0
2024-02-28 14:45:00,NSE:NIFTY,21973.4,22012.2,21973.4,22004.35,2128299.0
2024-02-28 14:50:00,NSE:NIFTY,22004.05,22013.15,21981.8,21990.25,2360321.0
2024-02-28 14:55:00,NSE:NIFTY,21988.85,21990.3,21967.05,21976.35,2638359.0
2024-02-28 15:00:00,NSE:NIFTY,21974.75,21995.5,21968.1,21992.3,3991589.0
2024-02-28 15:05:00,NSE:NIFTY,21992.65,22004.75,21969.75,21969.75,5077814.0
2024-02-28 15:10:00,NSE:NIFTY,21969.9,21970.65,21945.8,21952.75,5016709.0
2024-02-28 15:15:00,NSE:NIFTY,21953.45,21953.6,21923.5,21926.9,7026489.0
2024-02-28 15:20:00,NSE:NIFTY,21928.15,21940.5,21920.8,21934.4,5556385.0
2024-02-28 15:25:00,NSE:NIFTY,21934.05,21935.0,21915.85,21926.25,4417456.0
2024-02-29 09:15:00,NSE:NIFTY,21932.15,21945.05,21901.15,21936.35,11185788.0
2024-02-29 09:20:00,NSE:NIFTY,21934.4,21934.75,21887.1,21932.45,7369256.0
2024-02-29 09:25:00,NSE:NIFTY,21933.25,21963.7,21931.85,21952.6,4869307.0
2024-02-29 09:30:00,NSE:NIFTY,21952.5,21992.45,21943.6,21985.05,4070467.0
2024-02-29 09:35:00,NSE:NIFTY,21985.55,21986.05,21943.55,21949.9,4017890.0
2024-02-29 09:40:00,NSE:NIFTY,21949.3,21955.25,21922.4,21946.3,3637357.0
2024-02-29 09:45:00,NSE:NIFTY,21948.85,21966.25,21940.45,21942.75,2585001.0
2024-02-29 09:50:00,NSE:NIFTY,21942.8,21983.15,21938.65,21981.8,2965351.0
2024-02-29 09:55:00,NSE:NIFTY,21982.1,22022.4,21980.3,22015.25,3957709.0
2024-02-29 10:00:00,NSE:NIFTY,22015.05,22018.5,21993.8,21999.35,2976152.0
2024-02-29 10:05:00,NSE:NIFTY,21998.55,22002.5,21929.15,21943.05,4990735.0
2024-02-29 10:10:00,NSE:NIFTY,21940.9,21943.65,21866.15,21873.5,4321084.0
2024-02-29 10:15:00,NSE:NIFTY,21873.6,21905.55,21860.65,21874.05,4389256.0
2024-02-29 10:20:00,NSE:NIFTY,21874.1,21911.6,21871.05,21885.1,2521394.0
2024-02-29 10:25:00,NSE:NIFTY,21884.45,21904.25,21882.35,21902.4,2369156.0
2024-02-29 10:30:00,NSE:NIFTY,21901.9,21906.25,21877.0,21885.0,2430972.0
2024-02-29 10:35:00,NSE:NIFTY,21883.7,21905.6,21875.45,21885.45,3042734.0
2024-02-29 10:40:00,NSE:NIFTY,21883.95,21922.0,21875.45,21909.0,2805257.0
2024-02-29 10:45:00,NSE:NIFTY,21906.6,21913.35,21886.95,21903.55,2938435.0
2024-02-29 10:50:00,NSE:NIFTY,21902.35,21907.95,21883.7,21885.75,3498717.0
2024-02-29 10:55:00,NSE:NIFTY,21885.1,21903.85,21882.35,21882.35,3400927.0
2024-02-29 11:00:00,NSE:NIFTY,21882.3,21913.3,21882.3,21912.45,1920120.0
2024-02-29 11:05:00,NSE:NIFTY,21912.8,21926.35,21901.9,21926.0,2300826.0
2024-02-29 11:10:00,NSE:NIFTY,21926.15,21971.55,21919.8,21967.85,3277911.0
2024-02-29 11:15:00,NSE:NIFTY,21967.6,21996.6,21953.35,21953.35,4617088.0
2024-02-29 11:20:00,NSE:NIFTY,21953.85,21965.75,21949.65,21960.05,2231384.0
2024-02-29 11:25:00,NSE:NIFTY,21960.0,21969.4,21923.0,21934.35,2966498.0
2024-02-29 11:30:00,NSE:NIFTY,21935.45,21970.75,21932.85,21960.8,1771824.0
2024-02-29 11:35:00,NSE:NIFTY,21959.65,21962.4,21949.75,21953.05,1729043.0
2024-02-29 11:40:00,NSE:NIFTY,21952.15,21968.5,21949.9,21958.0,1933256.0
2024-02-29 11:45:00,NSE:NIFTY,21953.45,21958.8,21939.3,21955.0,2159852.0
2024-02-29 11:50:00,NSE:NIFTY,21953.4,21958.35,21943.35,21958.15,1587377.0
2024-02-29 11:55:00,NSE:NIFTY,21957.1,21969.75,21949.85,21956.7,1708936.0
2024-02-29 12:00:00,NSE:NIFTY,21955.5,21968.6,21948.6,21968.6,1885064.0
2024-02-29 12:05:00,NSE:NIFTY,21966.95,21976.75,21941.15,21950.6,2280382.0
2024-02-29 12:10:00,NSE:NIFTY,21949.35,21956.1,21942.35,21952.35,1446656.0
2024-02-29 12:15:00,NSE:NIFTY,21950.85,21957.8,21946.55,21954.1,1780033.0
2024-02-29 12:20:00,NSE:NIFTY,21952.75,21962.7,21934.85,21943.2,2421749.0
2024-02-29 12:25:00,NSE:NIFTY,21941.15,21953.25,21910.3,21916.5,2497628.0
2024-02-29 12:30:00,NSE:NIFTY,21916.25,21942.1,21897.15,21937.95,2921343.0
2024-02-29 12:35:00,NSE:NIFTY,21937.25,21945.8,21927.3,21938.95,2975136.0
2024-02-29 12:40:00,NSE:NIFTY,21937.5,21965.3,21934.05,21963.45,2737945.0
2024-02-29 12:45:00,NSE:NIFTY,21962.75,21964.85,21942.85,21943.35,2528050.0
2024-02-29 12:50:00,NSE:NIFTY,21942.1,21956.4,21939.35,21954.25,2282855.0
2024-02-29 12:55:00,NSE:NIFTY,21952.85,21959.25,21945.15,21948.65,2087778.0
2024-02-29 13:00:00,NSE:NIFTY,21947.7,21960.7,21942.65,21951.55,2108585.0
2024-02-29 13:05:00,NSE:NIFTY,21950.95,21956.05,21940.5,21953.6,2494952.0
2024-02-29 13:10:00,NSE:NIFTY,21954.3,21974.25,21948.65,21969.95,2752161.0
2024-02-29 13:15:00,NSE:NIFTY,21968.2,21988.75,21963.2,21965.15,3209575.0
2024-02-29 13:20:00,NSE:NIFTY,21962.35,21968.8,21952.5,21966.55,2402638.0
2024-02-29 13:25:00,NSE:NIFTY,21966.0,21974.55,21960.7,21969.8,2228562.0
2024-02-29 13:30:00,NSE:NIFTY,21969.45,21982.9,21961.2,21982.4,3222082.0
2024-02-29 13:35:00,NSE:NIFTY,21978.7,21984.8,21944.4,21945.05,2901595.0
2024-02-29 13:40:00,NSE:NIFTY,21944.35,21956.25,21936.35,21953.55,2775324.0
2024-02-29 13:45:00,NSE:NIFTY,21951.55,21980.15,21946.0,21974.45,3069460.0
2024-02-29 13:50:00,NSE:NIFTY,21976.15,21986.1,21964.7,21971.8,3161841.0
2024-02-29 13:55:00,NSE:NIFTY,21969.9,21978.6,21958.3,21973.85,2611332.0
2024-02-29 14:00:00,NSE:NIFTY,21972.35,21976.45,21946.0,21951.05,2724199.0
2024-02-29 14:05:00,NSE:NIFTY,21950.75,21957.95,21939.6,21939.95,2687725.0
2024-02-29 14:10:00,NSE:NIFTY,21938.05,21964.9,21937.7,21962.35,2977785.0
2024-02-29 14:15:00,NSE:NIFTY,21959.65,21967.0,21948.4,21950.1,2793125.0
2024-02-29 14:20:00,NSE:NIFTY,21948.7,21956.65,21936.15,21951.35,2448496.0
2024-02-29 14:25:00,NSE:NIFTY,21950.15,21962.2,21937.7,21943.4,2427209.0
2024-02-29 14:30:00,NSE:NIFTY,21940.4,21946.0,21901.05,21910.2,4477641.0
2024-02-29 14:35:00,NSE:NIFTY,21909.55,21932.3,21900.5,21932.3,2776930.0
2024-02-29 14:40:00,NSE:NIFTY,21930.9,21983.45,21930.9,21983.45,3548706.0
2024-02-29 14:45:00,NSE:NIFTY,21983.4,22004.25,21976.95,21983.7,3633680.0
2024-02-29 14:50:00,NSE:NIFTY,21983.6,22000.6,21967.8,21968.65,3508609.0
2024-02-29 14:55:00,NSE:NIFTY,21967.2,21972.05,21922.45,21937.65,5347419.0
2024-02-29 15:00:00,NSE:NIFTY,21939.3,21952.65,21911.9,21920.7,29278791.0
2024-02-29 15:05:00,NSE:NIFTY,21921.45,21936.85,21915.1,21934.8,25479459.0
2024-02-29 15:10:00,NSE:NIFTY,21935.45,21998.65,21935.45,21996.7,23665953.0
2024-02-29 15:15:00,NSE:NIFTY,21996.05,22022.75,21995.6,22022.4,24870564.0
2024-02-29 15:20:00,NSE:NIFTY,22021.1,22046.5,22021.1,22042.7,24285392.0
2024-02-29 15:25:00,NSE:NIFTY,22042.25,22060.55,22037.0,22042.05,17779210.0
2024-03-01 09:15:00,NSE:NIFTY,22068.15,22125.65,22047.75,22114.95,12319814.0
2024-03-01 09:20:00,NSE:NIFTY,22115.1,22124.4,22105.75,22124.4,6693529.0
2024-03-01 09:25:00,NSE:NIFTY,22124.95,22132.9,22116.85,22122.5,6364759.0
2024-03-01 09:30:00,NSE:NIFTY,22122.1,22138.5,22113.1,22129.2,5506720.0
2024-03-01 09:35:00,NSE:NIFTY,22129.05,22137.6,22124.8,22137.6,3927832.0
2024-03-01 09:40:00,NSE:NIFTY,22137.8,22167.65,22132.1,22161.85,4781817.0
2024-03-01 09:45:00,NSE:NIFTY,22162.45,22179.15,22145.2,22175.65,6277502.0
2024-03-01 09:50:00,NSE:NIFTY,22175.8,22183.15,22152.4,22167.85,5160052.0
2024-03-01 09:55:00,NSE:NIFTY,22169.45,22179.1,22161.4,22176.5,3790204.0
2024-03-01 10:00:00,NSE:NIFTY,22177.8,22186.75,22165.7,22171.15,3799924.0
2024-03-01 10:05:00,NSE:NIFTY,22171.55,22196.4,22169.25,22187.15,4205467.0
2024-03-01 10:10:00,NSE:NIFTY,22187.1,22201.1,22185.4,22196.95,4428979.0
2024-03-01 10:15:00,NSE:NIFTY,22196.45,22205.75,22187.2,22188.6,5229699.0
2024-03-01 10:20:00,NSE:NIFTY,22187.05,22200.35,22184.1,22197.8,2623975.0
2024-03-01 10:25:00,NSE:NIFTY,22197.3,22208.8,22196.45,22200.05,2613825.0
2024-03-01 10:30:00,NSE:NIFTY,22199.8,22210.7,22188.0,22191.75,3251582.0
2024-03-01 10:35:00,NSE:NIFTY,22191.35,22199.8,22185.2,22193.45,2540423.0
2024-03-01 10:40:00,NSE:NIFTY,22193.8,22202.1,22174.7,22178.7,2394374.0
2024-03-01 10:45:00,NSE:NIFTY,22178.3,22188.45,22175.7,22187.9,2441596.0
2024-03-01 10:50:00,NSE:NIFTY,22188.25,22198.0,22187.15,22196.7,2429650.0
2024-03-01 10:55:00,NSE:NIFTY,22196.0,22201.95,22172.45,22172.45,5531023.0
2024-03-01 11:00:00,NSE:NIFTY,22172.75,22188.65,22172.75,22187.25,3844814.0
2024-03-01 11:05:00,NSE:NIFTY,22187.6,22191.6,22184.25,22191.2,4719166.0
2024-03-01 11:10:00,NSE:NIFTY,22191.3,22222.35,22191.1,22208.7,4062822.0
2024-03-01 11:15:00,NSE:NIFTY,22208.6,22220.4,22208.6,22220.2,5511846.0
2024-03-01 11:20:00,NSE:NIFTY,22219.1,22234.15,22219.1,22232.9,5400862.0
2024-03-01 11:25:00,NSE:NIFTY,22232.3,22240.45,22228.2,22238.8,3420751.0
2024-03-01 11:30:00,NSE:NIFTY,22238.65,22241.6,22230.75,22237.2,4076068.0
2024-03-01 11:35:00,NSE:NIFTY,22235.05,22295.5,22235.05,22286.7,6326367.0
2024-03-01 11:40:00,NSE:NIFTY,22286.4,22291.15,22272.45,22279.15,4853820.0
2024-03-01 11:45:00,NSE:NIFTY,22279.35,22292.5,22279.35,22288.95,3580568.0
2024-03-01 11:50:00,NSE:NIFTY,22289.0,22300.1,22285.9,22297.9,3992047.0
2024-03-01 11:55:00,NSE:NIFTY,22298.1,22304.0,22280.35,22283.95,3823517.0
2024-03-01 12:00:00,NSE:NIFTY,22284.4,22295.0,22273.45,22277.7,3372061.0
2024-03-01 12:05:00,NSE:NIFTY,22278.9,22289.0,22268.2,22284.15,3566662.0
2024-03-01 12:10:00,NSE:NIFTY,22285.1,22288.7,22280.4,22286.45,2537134.0
2024-03-01 12:15:00,NSE:NIFTY,22287.0,22289.95,22277.3,22282.15,3583382.0
2024-03-01 12:20:00,NSE:NIFTY,22280.25,22294.9,22278.0,22286.55,2729386.0
2024-03-01 12:25:00,NSE:NIFTY,22287.55,22299.75,22283.9,22291.25,3600819.0
2024-03-01 12:30:00,NSE:NIFTY,22291.7,22300.65,22289.5,22294.35,3179954.0
2024-03-01 12:35:00,NSE:NIFTY,22294.7,22305.5,22287.1,22302.1,4148382.0
2024-03-01 12:40:00,NSE:NIFTY,22302.4,22312.65,22298.3,22305.8,3304754.0
2024-03-01 12:45:00,NSE:NIFTY,22305.65,22308.0,22285.9,22292.65,3590319.0
2024-03-01 12:50:00,NSE:NIFTY,22291.85,22305.0,22291.85,22302.55,2565460.0
2024-03-01 12:55:00,NSE:NIFTY,22301.8,22304.65,22295.6,22299.4,7420267.0
2024-03-01 13:00:00,NSE:NIFTY,22300.1,22317.15,22299.85,22315.95,5644624.0
2024-03-01 13:05:00,NSE:NIFTY,22315.25,22318.65,22300.4,22306.25,3065456.0
2024-03-01 13:10:00,NSE:NIFTY,22306.1,22308.3,22281.4,22288.35,2961109.0
2024-03-01 13:15:00,NSE:NIFTY,22288.6,22294.6,22282.8,22290.5,2316801.0
2024-03-01 13:20:00,NSE:NIFTY,22290.05,22310.4,22290.05,22309.25,2317665.0
2024-03-01 13:25:00,NSE:NIFTY,22309.35,22316.4,22300.3,22314.25,3363020.0
2024-03-01 13:30:00,NSE:NIFTY,22313.85,22319.3,22304.5,22313.45,2977971.0
2024-03-01 13:35:00,NSE:NIFTY,22313.3,22318.85,22307.55,22308.5,3456787.0
2024-03-01 13:40:00,NSE:NIFTY,22308.4,22315.0,22302.45,22314.65,2548108.0
2024-03-01 13:45:00,NSE:NIFTY,22315.05,22324.65,22310.6,22322.8,2430756.0
2024-03-01 13:50:00,NSE:NIFTY,22324.7,22325.95,22313.5,22322.05,2758784.0
2024-03-01 13:55:00,NSE:NIFTY,22321.6,22325.5,22317.2,22319.6,2511286.0
2024-03-01 14:00:00,NSE:NIFTY,22319.7,22330.85,22311.25,22316.4,5598580.0
2024-03-01 14:05:00,NSE:NIFTY,22316.45,22327.7,22316.1,22327.55,5475790.0
2024-03-01 14:10:00,NSE:NIFTY,22329.55,22335.95,22325.8,22330.6,5359386.0
2024-03-01 14:15:00,NSE:NIFTY,22329.85,22333.3,22320.3,22321.6,7627665.0
2024-03-01 14:20:00,NSE:NIFTY,22321.05,22332.25,22320.8,22326.1,4638488.0
2024-03-01 14:25:00,NSE:NIFTY,22326.45,22339.4,22323.15,22331.1,8378762.0
2024-03-01 14:30:00,NSE:NIFTY,22333.55,22338.35,22320.85,22325.25,4849089.0
2024-03-01 14:35:00,NSE:NIFTY,22325.95,22329.75,22317.6,22320.35,4658182.0
2024-03-01 14:40:00,NSE:NIFTY,22319.2,22334.85,22315.65,22331.85,4851413.0
2024-03-01 14:45:00,NSE:NIFTY,22332.1,22345.7,22330.45,22333.1,4153437.0
2024-03-01 14:50:00,NSE:NIFTY,22333.8,22348.4,22327.65,22329.85,5653866.0
2024-03-01 14:55:00,NSE:NIFTY,22330.05,22343.55,22326.1,22340.8,5876993.0
2024-03-01 15:00:00,NSE:NIFTY,22340.05,22350.1,22330.75,22346.6,7457723.0
2024-03-01 15:05:00,NSE:NIFTY,22346.05,22353.05,22339.3,22348.6,7555403.0
2024-03-01 15:10:00,NSE:NIFTY,22348.8,22353.3,22329.1,22329.1,7066379.0
2024-03-01 15:15:00,NSE:NIFTY,22329.3,22343.3,22325.65,22335.05,12824385.0
2024-03-01 15:20:00,NSE:NIFTY,22334.4,22339.6,22328.35,22331.75,10103296.0
2024-03-01 15:25:00,NSE:NIFTY,22331.25,22334.2,22319.65,22326.05,7505445.0
2024-03-02 09:15:00,NSE:NIFTY,22420.25,22420.25,22381.3,22381.3,4344029.0
2024-03-02 09:20:00,NSE:NIFTY,22380.95,22381.7,22366.95,22375.55,1839785.0
2024-03-02 09:25:00,NSE:NIFTY,22375.9,22387.55,22371.65,22385.3,1339745.0
2024-03-02 09:30:00,NSE:NIFTY,22386.4,22399.3,22385.5,22397.35,1326017.0
2024-03-02 09:35:00,NSE:NIFTY,22396.8,22408.35,22395.15,22397.2,1054047.0
2024-03-02 09:40:00,NSE:NIFTY,22396.85,22403.6,22391.6,22401.65,1259525.0
2024-03-02 09:45:00,NSE:NIFTY,22402.15,22412.45,22398.95,22400.05,1132125.0
2024-03-02 09:50:00,NSE:NIFTY,22399.25,22401.95,22388.5,22401.95,904744.0
2024-03-02 09:55:00,NSE:NIFTY,22400.2,22402.0,22391.05,22394.4,801667.0
2024-03-02 10:00:00,NSE:NIFTY,22395.0,22419.55,22367.05,22395.0,1661.0
2024-03-02 11:15:00,NSE:NIFTY,22427.9,22463.65,22376.35,22410.45,59157.0
2024-03-02 11:20:00,NSE:NIFTY,22412.0,22414.5,22400.3,22406.7,14601961.0
2024-03-02 11:30:00,NSE:NIFTY,22406.35,22410.35,22389.95,22395.8,2126564.0
2024-03-02 11:35:00,NSE:NIFTY,22396.4,22403.55,22387.35,22392.8,3308223.0
2024-03-02 11:40:00,NSE:NIFTY,22393.2,22400.9,22390.35,22393.2,3460647.0
2024-03-02 11:45:00,NSE:NIFTY,22393.55,22400.85,22386.0,22390.15,2162413.0
2024-03-02 11:50:00,NSE:NIFTY,22389.85,22394.0,22383.4,22383.95,1292914.0
2024-03-02 11:55:00,NSE:NIFTY,22385.55,22387.05,22373.2,22377.0,1064127.0
2024-03-02 12:00:00,NSE:NIFTY,22377.45,22385.4,22375.45,22382.15,1074685.0
2024-03-02 12:05:00,NSE:NIFTY,22381.45,22384.35,22379.0,22379.45,1049433.0
2024-03-02 12:10:00,NSE:NIFTY,22379.3,22382.65,22373.45,22375.55,1088647.0
2024-03-02 12:15:00,NSE:NIFTY,22375.85,22381.65,22373.9,22378.95,933792.0
2024-03-02 12:20:00,NSE:NIFTY,22379.15,22382.65,22376.55,22378.55,1324746.0
2024-03-02 12:25:00,NSE:NIFTY,22378.6,22381.0,22372.2,22373.4,2073126.0
2024-03-02 12:30:00,NSE:NIFTY,22376.25,22378.4,22376.25,22378.4,7806.0
2024-03-04 09:15:00,NSE:NIFTY,22411.8,22440.9,22392.25,22424.6,20733388.0
2024-03-04 09:20:00,NSE:NIFTY,22424.95,22424.95,22383.35,22413.8,10563711.0
2024-03-04 09:25:00,NSE:NIFTY,22415.6,22415.6,22378.85,22381.05,8566562.0
2024-03-04 09:30:00,NSE:NIFTY,22380.55,22398.15,22372.35,22392.3,6686663.0
2024-03-04 09:35:00,NSE:NIFTY,22391.75,22399.4,22363.35,22374.35,6292932.0
2024-03-04 09:40:00,NSE:NIFTY,22373.0,22396.45,22361.8,22395.9,4741630.0
2024-03-04 09:45:00,NSE:NIFTY,22396.05,22397.55,22358.35,22360.05,4805406.0
2024-03-04 09:50:00,NSE:NIFTY,22360.15,22377.75,22358.3,22374.15,3879038.0
2024-03-04 09:55:00,NSE:NIFTY,22374.75,22379.2,22365.4,22373.8,4221625.0
2024-03-04 10:00:00,NSE:NIFTY,22372.2,22400.2,22367.15,22397.5,4295574.0
2024-03-04 10:05:00,NSE:NIFTY,22395.8,22408.0,22391.7,22401.5,4049873.0
2024-03-04 10:10:00,NSE:NIFTY,22400.85,22405.7,22393.15,22395.4,3622022.0
2024-03-04 10:15:00,NSE:NIFTY,22395.0,22408.7,22395.0,22402.0,3185243.0
2024-03-04 10:20:00,NSE:NIFTY,22400.75,22415.55,22395.4,22413.35,4775076.0
2024-03-04 10:25:00,NSE:NIFTY,22412.65,22420.25,22411.45,22414.55,5742244.0
2024-03-04 10:30:00,NSE:NIFTY,22414.3,22431.25,22414.3,22429.25,4174056.0
2024-03-04 10:35:00,NSE:NIFTY,22430.65,22431.95,22420.95,22431.95,4271864.0
2024-03-04 10:40:00,NSE:NIFTY,22431.4,22432.9,22422.8,22424.45,3281690.0
2024-03-04 10:45:00,NSE:NIFTY,22425.4,22425.4,22411.0,22412.25,4569434.0
2024-03-04 10:50:00,NSE:NIFTY,22411.8,22418.0,22398.95,22401.6,3735890.0
2024-03-04 10:55:00,NSE:NIFTY,22400.9,22400.9,22372.85,22376.65,4708450.0
2024-03-04 11:00:00,NSE:NIFTY,22376.25,22395.05,22373.55,22374.1,3309298.0
2024-03-04 11:05:00,NSE:NIFTY,22374.55,22394.0,22373.4,22389.0,2478464.0
2024-03-04 11:10:00,NSE:NIFTY,22389.25,22406.25,22383.95,22404.55,3589263.0
2024-03-04 11:15:00,NSE:NIFTY,22404.8,22418.8,22398.85,22398.85,3244379.0
2024-03-04 11:20:00,NSE:NIFTY,22398.05,22403.85,22385.9,22400.5,2499830.0
2024-03-04 11:25:00,NSE:NIFTY,22400.45,22405.4,22390.65,22392.75,2469678.0
2024-03-04 11:30:00,NSE:NIFTY,22393.05,22403.8,22392.6,22398.4,2313762.0
2024-03-04 11:35:00,NSE:NIFTY,22398.9,22410.5,22389.85,22403.9,2619952.0
2024-03-04 11:40:00,NSE:NIFTY,22404.2,22409.5,22400.15,22408.55,2081925.0
2024-03-04 11:45:00,NSE:NIFTY,22410.1,22420.1,22404.9,22417.3,2084625.0
2024-03-04 11:50:00,NSE:NIFTY,22417.5,22423.9,22399.1,22403.1,2340102.0
2024-03-04 11:55:00,NSE:NIFTY,22404.2,22405.85,22391.9,22397.1,2390150.0
2024-03-04 12:00:00,NSE:NIFTY,22397.7,22408.3,22397.15,22399.6,3705936.0
2024-03-04 12:05:00,NSE:NIFTY,22399.85,22406.85,22394.7,22399.45,2649375.0
2024-03-04 12:10:00,NSE:NIFTY,22400.25,22406.2,22389.95,22403.3,3321450.0
2024-03-04 12:15:00,NSE:NIFTY,22401.0,22415.15,22397.55,22406.9,2300015.0
2024-03-04 12:20:00,NSE:NIFTY,22407.3,22415.7,22406.2,22408.25,3414935.0
2024-03-04 12:25:00,NSE:NIFTY,22408.4,22419.55,22406.9,22413.75,4194915.0
2024-03-04 12:30:00,NSE:NIFTY,22414.2,22426.6,22414.2,22419.75,3115099.0
2024-03-04 12:35:00,NSE:NIFTY,22420.25,22422.75,22413.95,22416.4,2420003.0
2024-03-04 12:40:00,NSE:NIFTY,22416.45,22418.15,22407.65,22412.4,2633459.0
2024-03-04 12:45:00,NSE:NIFTY,22413.1,22415.15,22395.3,22399.45,2277818.0
2024-03-04 12:50:00,NSE:NIFTY,22400.45,22400.8,22372.75,22378.35,3352062.0
2024-03-04 12:55:00,NSE:NIFTY,22378.2,22403.2,22375.7,22400.5,2645382.0
2024-03-04 13:00:00,NSE:NIFTY,22400.7,22405.45,22397.85,22401.7,2557983.0
2024-03-04 13:05:00,NSE:NIFTY,22401.0,22408.75,22400.25,22401.0,2352384.0
2024-03-04 13:10:00,NSE:NIFTY,22401.5,22412.0,22400.45,22401.7,2989480.0
2024-03-04 13:15:00,NSE:NIFTY,22402.2,22413.25,22400.9,22411.8,2187231.0
2024-03-04 13:20:00,NSE:NIFTY,22412.4,22414.8,22404.9,22406.3,2349932.0
2024-03-04 13:25:00,NSE:NIFTY,22405.7,22410.85,22399.25,22401.2,2264879.0
2024-03-04 13:30:00,NSE:NIFTY,22400.75,22409.4,22400.75,22405.2,2625337.0
2024-03-04 13:35:00,NSE:NIFTY,22405.95,22412.45,22404.95,22408.1,2257755.0
2024-03-04 13:40:00,NSE:NIFTY,22408.15,22411.5,22404.75,22407.95,2284359.0
2024-03-04 13:45:00,NSE:NIFTY,22407.15,22409.6,22399.8,22408.0,1942406.0
2024-03-04 13:50:00,NSE:NIFTY,22407.25,22408.4,22394.1,22394.1,2545970.0
2024-03-04 13:55:00,NSE:NIFTY,22394.4,22399.05,22389.95,22396.65,2312482.0
2024-03-04 14:00:00,NSE:NIFTY,22396.95,22399.05,22384.25,22397.5,3729591.0
2024-03-04 14:05:00,NSE:NIFTY,22397.2,22420.55,22397.2,22419.2,3653908.0
2024-03-04 14:10:00,NSE:NIFTY,22419.55,22430.7,22414.25,22428.2,4085917.0
2024-03-04 14:15:00,NSE:NIFTY,22428.5,22434.25,22419.6,22424.3,3596128.0
2024-03-04 14:20:00,NSE:NIFTY,22423.7,22429.8,22415.9,22420.35,3403450.0
2024-03-04 14:25:00,NSE:NIFTY,22419.5,22428.35,22417.55,22426.2,2925368.0
2024-03-04 14:30:00,NSE:NIFTY,22426.75,22432.75,22409.9,22410.65,3177430.0
2024-03-04 14:35:00,NSE:NIFTY,22411.15,22417.35,22396.3,22406.4,4095345.0
2024-03-04 14:40:00,NSE:NIFTY,22406.75,22412.3,22402.15,22407.85,2797162.0
2024-03-04 14:45:00,NSE:NIFTY,22408.65,22415.35,22403.05,22414.4,3569978.0
2024-03-04 14:50:00,NSE:NIFTY,22414.3,22419.1,22406.65,22412.85,3579020.0
2024-03-04 14:55:00,NSE:NIFTY,22412.7,22414.35,22404.15,22408.9,3322691.0
2024-03-04 15:00:00,NSE:NIFTY,22408.15,22421.15,22408.15,22419.2,5366483.0
2024-03-04 15:05:00,NSE:NIFTY,22418.95,22427.25,22412.35,22414.7,6019170.0
2024-03-04 15:10:00,NSE:NIFTY,22415.2,22416.6,22404.1,22404.45,6462451.0
2024-03-04 15:15:00,NSE:NIFTY,22403.8,22403.8,22383.5,22388.25,8243078.0
2024-03-04 15:20:00,NSE:NIFTY,22387.95,22398.75,22387.25,22398.25,6478795.0
2024-03-04 15:25:00,NSE:NIFTY,22396.95,22414.8,22395.65,22397.65,5456202.0
2024-03-05 09:15:00,NSE:NIFTY,22389.75,22406.55,22319.55,22357.2,16852213.0
2024-03-05 09:20:00,NSE:NIFTY,22357.8,22380.1,22348.3,22380.1,12080150.0
2024-03-05 09:25:00,NSE:NIFTY,22379.15,22380.35,22362.2,22366.1,8349202.0
2024-03-05 09:30:00,NSE:NIFTY,22366.45,22376.0,22356.15,22366.65,6214143.0
2024-03-05 09:35:00,NSE:NIFTY,22366.5,22370.75,22358.1,22367.15,5792778.0
2024-03-05 09:40:00,NSE:NIFTY,22367.5,22377.6,22364.85,22374.95,7508805.0
2024-03-05 09:45:00,NSE:NIFTY,22373.8,22374.35,22358.35,22361.85,7426084.0
2024-03-05 09:50:00,NSE:NIFTY,22360.85,22366.7,22352.0,22365.25,8166069.0
2024-03-05 09:55:00,NSE:NIFTY,22365.95,22370.0,22336.1,22347.15,5359805.0
2024-03-05 10:00:00,NSE:NIFTY,22347.05,22347.05,22326.15,22340.4,4382009.0
2024-03-05 10:05:00,NSE:NIFTY,22340.75,22343.8,22326.2,22326.4,4307457.0
2024-03-05 10:10:00,NSE:NIFTY,22325.85,22336.15,22324.7,22333.15,3659171.0
2024-03-05 10:15:00,NSE:NIFTY,22332.25,22332.35,22303.65,22311.3,3144378.0
2024-03-05 10:20:00,NSE:NIFTY,22310.8,22311.15,22278.65,22293.5,4445379.0
2024-03-05 10:25:00,NSE:NIFTY,22293.95,22301.8,22285.5,22300.4,2940254.0
2024-03-05 10:30:00,NSE:NIFTY,22300.65,22303.75,22286.2,22288.6,2594109.0
2024-03-05 10:35:00,NSE:NIFTY,22288.7,22302.3,22279.6,22301.8,3043496.0
2024-03-05 10:40:00,NSE:NIFTY,22302.15,22312.1,22301.6,22306.8,2150234.0
2024-03-05 10:45:00,NSE:NIFTY,22307.5,22308.35,22295.5,22299.3,3171004.0
2024-03-05 10:50:00,NSE:NIFTY,22299.8,22301.85,22293.75,22300.35,3913234.0
2024-03-05 10:55:00,NSE:NIFTY,22299.8,22315.35,22294.7,22314.95,3737667.0
2024-03-05 11:00:00,NSE:NIFTY,22314.4,22315.9,22296.15,22298.4,3741587.0
2024-03-05 11:05:00,NSE:NIFTY,22298.0,22298.0,22285.15,22289.8,3004799.0
2024-03-05 11:10:00,NSE:NIFTY,22289.9,22296.25,22285.55,22288.65,2856035.0
2024-03-05 11:15:00,NSE:NIFTY,22288.95,22288.95,22269.15,22283.0,3793481.0
2024-03-05 11:20:00,NSE:NIFTY,22282.75,22289.8,22273.95,22279.9,2797638.0
2024-03-05 11:25:00,NSE:NIFTY,22279.25,22295.95,22273.25,22295.05,2726242.0
2024-03-05 11:30:00,NSE:NIFTY,22295.1,22302.95,22293.8,22302.55,2040666.0
2024-03-05 11:35:00,NSE:NIFTY,22302.35,22309.4,22300.95,22306.0,2127186.0
2024-03-05 11:40:00,NSE:NIFTY,22305.8,22328.45,22304.25,22324.7,3107798.0
2024-03-05 11:45:00,NSE:NIFTY,22324.75,22330.5,22317.35,22326.15,2382750.0
2024-03-05 11:50:00,NSE:NIFTY,22326.4,22343.35,22322.5,22343.35,2055197.0
2024-03-05 11:55:00,NSE:NIFTY,22343.15,22346.35,22333.8,22339.7,1594250.0
2024-03-05 12:00:00,NSE:NIFTY,22339.9,22347.0,22334.2,22345.4,1919653.0
2024-03-05 12:05:00,NSE:NIFTY,22345.15,22351.85,22336.35,22350.3,2215679.0
2024-03-05 12:10:00,NSE:NIFTY,22349.65,22352.9,22337.4,22340.6,2040989.0
2024-03-05 12:15:00,NSE:NIFTY,22339.5,22340.75,22330.05,22337.7,1775071.0
2024-03-05 12:20:00,NSE:NIFTY,22337.65,22342.4,22322.0,22323.15,2040608.0
2024-03-05 12:25:00,NSE:NIFTY,22323.75,22330.7,22314.4,22314.95,1945159.0
2024-03-05 12:30:00,NSE:NIFTY,22315.05,22321.65,22311.55,22317.35,2123122.0
2024-03-05 12:35:00,NSE:NIFTY,22317.75,22332.1,22315.4,22332.0,1808880.0
2024-03-05 12:40:00,NSE:NIFTY,22331.3,22333.3,22323.8,22332.85,2355002.0
2024-03-05 12:45:00,NSE:NIFTY,22333.55,22345.3,22327.9,22342.65,2344086.0
2024-03-05 12:50:00,NSE:NIFTY,22342.6,22387.85,22342.6,22387.4,3993418.0
2024-03-05 12:55:00,NSE:NIFTY,22388.1,22402.95,22383.85,22402.7,2842609.0
2024-03-05 13:00:00,NSE:NIFTY,22403.1,22416.9,22385.15,22388.35,3122243.0
2024-03-05 13:05:00,NSE:NIFTY,22387.8,22394.0,22380.7,22383.95,2546439.0
2024-03-05 13:10:00,NSE:NIFTY,22384.35,22391.9,22379.55,22391.55,2749464.0
2024-03-05 13:15:00,NSE:NIFTY,22391.25,22395.2,22377.15,22380.65,2826672.0
2024-03-05 13:20:00,NSE:NIFTY,22379.8,22394.45,22376.5,22392.7,3348167.0
2024-03-05 13:25:00,NSE:NIFTY,22392.6,22406.3,22392.1,22398.85,2736281.0
2024-03-05 13:30:00,NSE:NIFTY,22399.2,22401.85,22392.35,22401.05,2663987.0
2024-03-05 13:35:00,NSE:NIFTY,22402.0,22406.7,22392.8,22397.4,2360498.0
2024-03-05 13:40:00,NSE:NIFTY,22398.6,22399.7,22381.95,22382.5,2785287.0
2024-03-05 13:45:00,NSE:NIFTY,22382.25,22388.05,22367.75,22368.95,3364063.0
2024-03-05 13:50:00,NSE:NIFTY,22369.25,22369.25,22340.0,22356.55,3363797.0
2024-03-05 13:55:00,NSE:NIFTY,22356.5,22369.65,22351.65,22369.35,2486749.0
2024-03-05 14:00:00,NSE:NIFTY,22368.95,22375.55,22355.1,22356.25,2975390.0
2024-03-05 14:05:00,NSE:NIFTY,22355.35,22364.0,22348.85,22360.75,3200632.0
2024-03-05 14:10:00,NSE:NIFTY,22360.9,22367.7,22347.45,22355.05,3727758.0
2024-03-05 14:15:00,NSE:NIFTY,22355.5,22364.4,22351.55,22358.85,2701632.0
2024-03-05 14:20:00,NSE:NIFTY,22359.4,22381.65,22359.4,22376.25,3250098.0
2024-03-05 14:25:00,NSE:NIFTY,22375.8,22378.05,22346.3,22346.35,3695362.0
2024-03-05 14:30:00,NSE:NIFTY,22347.55,22367.05,22347.05,22365.7,3350097.0
2024-03-05 14:35:00,NSE:NIFTY,22364.6,22375.55,22358.05,22373.35,2964220.0
2024-03-05 14:40:00,NSE:NIFTY,22373.05,22384.05,22371.25,22373.4,3769051.0
2024-03-05 14:45:00,NSE:NIFTY,22372.7,22376.9,22364.55,22373.85,3820054.0
2024-03-05 14:50:00,NSE:NIFTY,22372.9,22382.1,22366.0,22366.3,4198610.0
2024-03-05 14:55:00,NSE:NIFTY,22366.2,22379.25,22362.2,22370.1,5177644.0
2024-03-05 15:00:00,NSE:NIFTY,22369.7,22376.8,22359.95,22364.9,6030857.0
2024-03-05 15:05:00,NSE:NIFTY,22363.75,22364.05,22341.95,22348.8,5805583.0
2024-03-05 15:10:00,NSE:NIFTY,22348.35,22359.6,22348.15,22353.65,5938941.0
2024-03-05 15:15:00,NSE:NIFTY,22353.55,22360.15,22346.75,22346.8,7674451.0
2024-03-05 15:20:00,NSE:NIFTY,22346.9,22358.9,22340.6,22358.9,6910491.0
2024-03-05 15:25:00,NSE:NIFTY,22357.8,22362.6,22345.05,22358.5,5809730.0
2024-03-06 09:15:00,NSE:NIFTY,22338.25,22353.8,22293.15,22302.9,11762553.0
2024-03-06 09:20:00,NSE:NIFTY,22302.65,22330.3,22298.15,22325.15,7211364.0
2024-03-06 09:25:00,NSE:NIFTY,22324.65,22341.2,22321.8,22327.65,5961446.0
2024-03-06 09:30:00,NSE:NIFTY,22328.25,22335.7,22289.4,22324.15,7394833.0
2024-03-06 09:35:00,NSE:NIFTY,22324.0,22325.05,22292.85,22314.35,6034456.0
2024-03-06 09:40:00,NSE:NIFTY,22318.0,22365.85,22305.25,22363.9,6445273.0
2024-03-06 09:45:00,NSE:NIFTY,22365.05,22369.45,22332.35,22332.35,5312570.0
2024-03-06 09:50:00,NSE:NIFTY,22333.1,22350.95,22310.0,22310.1,6428493.0
2024-03-06 09:55:00,NSE:NIFTY,22310.0,22319.8,22280.75,22282.25,7987285.0
2024-03-06 10:00:00,NSE:NIFTY,22281.75,22281.75,22250.2,22275.65,7383171.0
2024-03-06 10:05:00,NSE:NIFTY,22276.8,22315.55,22257.25,22294.9,6635288.0
2024-03-06 10:10:00,NSE:NIFTY,22294.65,22324.2,22293.2,22315.0,4254624.0
2024-03-06 10:15:00,NSE:NIFTY,22315.45,22352.8,22309.25,22332.6,5102924.0
2024-03-06 10:20:00,NSE:NIFTY,22333.75,22334.55,22299.95,22309.85,5823737.0
2024-03-06 10:25:00,NSE:NIFTY,22309.6,22309.6,22277.55,22286.5,4336990.0
2024-03-06 10:30:00,NSE:NIFTY,22285.9,22306.1,22274.45,22300.4,4130767.0
2024-03-06 10:35:00,NSE:NIFTY,22300.05,22303.65,22281.6,22286.2,2985823.0
2024-03-06 10:40:00,NSE:NIFTY,22285.9,22314.3,22279.15,22311.1,4811646.0
2024-03-06 10:45:00,NSE:NIFTY,22311.7,22311.7,22284.2,22291.25,4344668.0
2024-03-06 10:50:00,NSE:NIFTY,22291.8,22303.25,22275.85,22281.85,3476182.0
2024-03-06 10:55:00,NSE:NIFTY,22280.5,22287.65,22267.15,22281.4,2629108.0
2024-03-06 11:00:00,NSE:NIFTY,22280.9,22310.75,22280.9,22297.5,2019673.0
2024-03-06 11:05:00,NSE:NIFTY,22296.65,22298.5,22260.2,22267.9,2757393.0
2024-03-06 11:10:00,NSE:NIFTY,22267.0,22277.0,22265.35,22273.25,2750653.0
2024-03-06 11:15:00,NSE:NIFTY,22274.75,22277.55,22262.25,22272.15,2318674.0
2024-03-06 11:20:00,NSE:NIFTY,22271.25,22279.6,22265.95,22272.75,2348383.0
2024-03-06 11:25:00,NSE:NIFTY,22272.55,22302.2,22266.85,22302.05,2130707.0
2024-03-06 11:30:00,NSE:NIFTY,22301.45,22301.45,22260.85,22261.0,2549761.0
2024-03-06 11:35:00,NSE:NIFTY,22261.65,22268.95,22234.75,22234.9,2818099.0
2024-03-06 11:40:00,NSE:NIFTY,22234.3,22251.75,22226.15,22247.65,2817334.0
2024-03-06 11:45:00,NSE:NIFTY,22247.3,22256.0,22236.9,22254.4,2111817.0
2024-03-06 11:50:00,NSE:NIFTY,22254.65,22266.75,22248.4,22256.9,2424774.0
2024-03-06 11:55:00,NSE:NIFTY,22255.6,22259.1,22245.4,22249.75,1898423.0
2024-03-06 12:00:00,NSE:NIFTY,22249.8,22250.05,22224.35,22230.2,3014769.0
2024-03-06 12:05:00,NSE:NIFTY,22229.5,22242.65,22229.35,22229.9,2457052.0
2024-03-06 12:10:00,NSE:NIFTY,22229.95,22259.95,22229.45,22259.2,2322626.0
2024-03-06 12:15:00,NSE:NIFTY,22260.05,22260.05,22236.35,22251.5,3073722.0
2024-03-06 12:20:00,NSE:NIFTY,22250.85,22261.15,22243.3,22258.4,2665292.0
2024-03-06 12:25:00,NSE:NIFTY,22258.8,22271.15,22252.8,22269.1,2724255.0
2024-03-06 12:30:00,NSE:NIFTY,22269.3,22276.75,22267.9,22274.3,2515413.0
2024-03-06 12:35:00,NSE:NIFTY,22274.2,22298.35,22271.2,22291.6,3767199.0
2024-03-06 12:40:00,NSE:NIFTY,22291.65,22301.25,22272.9,22280.4,3757672.0
2024-03-06 12:45:00,NSE:NIFTY,22280.15,22280.95,22266.75,22277.45,1926248.0
2024-03-06 12:50:00,NSE:NIFTY,22277.25,22286.5,22272.3,22272.3,1705881.0
2024-03-06 12:55:00,NSE:NIFTY,22271.75,22279.6,22271.75,22274.35,2096942.0
2024-03-06 13:00:00,NSE:NIFTY,22272.9,22280.5,22262.65,22265.2,2206046.0
2024-03-06 13:05:00,NSE:NIFTY,22266.3,22289.7,22265.45,22289.2,1780354.0
2024-03-06 13:10:00,NSE:NIFTY,22289.25,22300.1,22285.05,22298.0,2063670.0
2024-03-06 13:15:00,NSE:NIFTY,22297.85,22299.7,22281.35,22285.0,1483334.0
2024-03-06 13:20:00,NSE:NIFTY,22284.95,22299.0,22281.55,22285.95,2356683.0
2024-03-06 13:25:00,NSE:NIFTY,22286.05,22294.6,22281.6,22287.4,2921415.0
2024-03-06 13:30:00,NSE:NIFTY,22287.8,22288.8,22273.35,22282.55,3010873.0
2024-03-06 13:35:00,NSE:NIFTY,22283.4,22310.35,22281.95,22307.3,3915117.0
2024-03-06 13:40:00,NSE:NIFTY,22308.25,22338.05,22308.25,22327.0,5676438.0
2024-03-06 13:45:00,NSE:NIFTY,22327.75,22354.3,22327.4,22339.15,2774073.0
2024-03-06 13:50:00,NSE:NIFTY,22339.1,22388.95,22339.05,22376.15,4671378.0
2024-03-06 13:55:00,NSE:NIFTY,22376.95,22384.3,22362.55,22381.15,2972801.0
2024-03-06 14:00:00,NSE:NIFTY,22382.2,22393.25,22372.5,22383.35,3038730.0
2024-03-06 14:05:00,NSE:NIFTY,22384.25,22406.15,22382.65,22389.0,2609750.0
2024-03-06 14:10:00,NSE:NIFTY,22390.2,22412.75,22390.2,22403.45,2971733.0
2024-03-06 14:15:00,NSE:NIFTY,22404.35,22411.45,22392.15,22400.75,2997579.0
2024-03-06 14:20:00,NSE:NIFTY,22400.95,22421.95,22393.7,22408.2,3240877.0
2024-03-06 14:25:00,NSE:NIFTY,22408.75,22416.4,22397.45,22413.8,3006001.0
2024-03-06 14:30:00,NSE:NIFTY,22415.2,22447.2,22409.4,22443.25,3802482.0
2024-03-06 14:35:00,NSE:NIFTY,22443.5,22459.9,22435.1,22454.45,3715920.0
2024-03-06 14:40:00,NSE:NIFTY,22455.2,22473.45,22453.9,22464.55,4706202.0
2024-03-06 14:45:00,NSE:NIFTY,22464.7,22468.0,22452.25,22458.05,3907028.0
2024-03-06 14:50:00,NSE:NIFTY,22458.1,22462.45,22436.65,22438.95,3439331.0
2024-03-06 14:55:00,NSE:NIFTY,22439.75,22448.4,22430.65,22434.6,3829150.0
2024-03-06 15:00:00,NSE:NIFTY,22433.9,22471.1,22433.9,22469.2,7722100.0
2024-03-06 15:05:00,NSE:NIFTY,22469.75,22483.05,22465.05,22475.1,9931451.0
2024-03-06 15:10:00,NSE:NIFTY,22474.95,22475.95,22459.55,22473.3,8503234.0
2024-03-06 15:15:00,NSE:NIFTY,22472.5,22490.7,22468.9,22471.4,10083266.0
2024-03-06 15:20:00,NSE:NIFTY,22472.15,22488.1,22466.75,22481.7,9145302.0
2024-03-06 15:25:00,NSE:NIFTY,22482.05,22497.2,22476.5,22480.05,6641264.0
2024-03-07 09:15:00,NSE:NIFTY,22517.1,22523.65,22484.05,22501.75,27222240.0
2024-03-07 09:20:00,NSE:NIFTY,22502.6,22502.6,22473.4,22489.1,9409697.0
2024-03-07 09:25:00,NSE:NIFTY,22488.6,22497.8,22480.55,22482.85,7236602.0
2024-03-07 09:30:00,NSE:NIFTY,22482.9,22495.8,22458.7,22482.65,9940625.0
2024-03-07 09:35:00,NSE:NIFTY,22484.5,22489.75,22469.85,22471.1,10351497.0
2024-03-07 09:40:00,NSE:NIFTY,22471.4,22477.3,22449.3,22473.35,9925799.0
2024-03-07 09:45:00,NSE:NIFTY,22472.95,22484.7,22463.4,22468.0,8141797.0
2024-03-07 09:50:00,NSE:NIFTY,22468.95,22478.1,22453.35,22455.55,6657688.0
2024-03-07 09:55:00,NSE:NIFTY,22456.05,22473.45,22451.15,22471.85,6178856.0
2024-03-07 10:00:00,NSE:NIFTY,22472.25,22496.7,22466.4,22490.6,4063534.0
2024-03-07 10:05:00,NSE:NIFTY,22490.9,22502.6,22483.6,22487.2,3842945.0
2024-03-07 10:10:00,NSE:NIFTY,22487.65,22498.65,22485.85,22486.95,3781073.0
2024-03-07 10:15:00,NSE:NIFTY,22486.5,22486.5,22473.15,22484.4,3609960.0
2024-03-07 10:20:00,NSE:NIFTY,22484.0,22494.0,22472.05,22488.6,5031680.0
2024-03-07 10:25:00,NSE:NIFTY,22488.3,22495.1,22469.4,22483.1,4966954.0
2024-03-07 10:30:00,NSE:NIFTY,22484.65,22490.55,22479.45,22480.25,3214910.0
2024-03-07 10:35:00,NSE:NIFTY,22481.0,22483.3,22473.3,22479.45,3715878.0
2024-03-07 10:40:00,NSE:NIFTY,22478.0,22483.25,22439.2,22443.8,4561682.0
2024-03-07 10:45:00,NSE:NIFTY,22442.35,22460.0,22430.0,22454.5,5571506.0
2024-03-07 10:50:00,NSE:NIFTY,22455.05,22464.65,22448.35,22460.55,4189144.0
2024-03-07 10:55:00,NSE:NIFTY,22460.6,22467.75,22456.1,22459.75,3776149.0
2024-03-07 11:00:00,NSE:NIFTY,22460.0,22521.3,22450.85,22504.5,4449747.0
2024-03-07 11:05:00,NSE:NIFTY,22505.25,22507.7,22492.25,22496.25,2185221.0
2024-03-07 11:10:00,NSE:NIFTY,22496.65,22503.45,22493.9,22498.65,2037177.0
2024-03-07 11:15:00,NSE:NIFTY,22498.0,22498.05,22490.4,22493.9,2005257.0
2024-03-07 11:20:00,NSE:NIFTY,22494.6,22499.55,22493.1,22493.7,1704543.0
2024-03-07 11:25:00,NSE:NIFTY,22493.2,22501.85,22491.05,22495.0,2006111.0
2024-03-07 11:30:00,NSE:NIFTY,22495.45,22504.05,22492.0,22500.55,2147663.0
2024-03-07 11:35:00,NSE:NIFTY,22499.95,22508.15,22498.55,22500.85,3208679.0
2024-03-07 11:40:00,NSE:NIFTY,22501.05,22501.05,22470.05,22480.75,2274594.0
2024-03-07 11:45:00,NSE:NIFTY,22481.6,22488.15,22478.65,22479.7,2279507.0
2024-03-07 11:50:00,NSE:NIFTY,22479.25,22490.75,22478.55,22489.9,2031308.0
2024-03-07 11:55:00,NSE:NIFTY,22489.95,22496.6,22489.15,22490.2,2214162.0
2024-03-07 12:00:00,NSE:NIFTY,22490.3,22493.55,22485.1,22490.45,3700709.0
2024-03-07 12:05:00,NSE:NIFTY,22490.4,22494.0,22483.55,22486.15,2718731.0
2024-03-07 12:10:00,NSE:NIFTY,22485.95,22495.5,22482.9,22486.6,3255639.0
2024-03-07 12:15:00,NSE:NIFTY,22487.25,22492.0,22481.8,22491.1,2834012.0
2024-03-07 12:20:00,NSE:NIFTY,22491.25,22495.35,22483.65,22487.3,3629569.0
2024-03-07 12:25:00,NSE:NIFTY,22486.45,22491.85,22474.45,22479.7,3015237.0
2024-03-07 12:30:00,NSE:NIFTY,22478.2,22484.35,22472.6,22481.4,3123214.0
2024-03-07 12:35:00,NSE:NIFTY,22480.75,22498.5,22476.75,22493.3,3522935.0
2024-03-07 12:40:00,NSE:NIFTY,22492.4,22497.95,22489.65,22496.35,2802368.0
2024-03-07 12:45:00,NSE:NIFTY,22496.0,22499.35,22490.8,22498.8,3000811.0
2024-03-07 12:50:00,NSE:NIFTY,22499.95,22504.1,22492.1,22495.65,2238828.0
2024-03-07 12:55:00,NSE:NIFTY,22495.45,22503.3,22493.55,22500.85,5026819.0
2024-03-07 13:00:00,NSE:NIFTY,22501.55,22515.0,22497.3,22512.05,5200998.0
2024-03-07 13:05:00,NSE:NIFTY,22512.6,22517.65,22499.85,22508.15,4094114.0
2024-03-07 13:10:00,NSE:NIFTY,22507.95,22512.55,22502.2,22509.15,4410084.0
2024-03-07 13:15:00,NSE:NIFTY,22507.8,22515.05,22499.25,22501.1,5425736.0
2024-03-07 13:20:00,NSE:NIFTY,22500.6,22505.85,22493.95,22496.45,4946866.0
2024-03-07 13:25:00,NSE:NIFTY,22495.3,22503.55,22491.3,22501.9,6537197.0
2024-03-07 13:30:00,NSE:NIFTY,22501.8,22509.9,22500.65,22504.8,4331686.0
2024-03-07 13:35:00,NSE:NIFTY,22504.2,22514.95,22503.9,22506.55,4780088.0
2024-03-07 13:40:00,NSE:NIFTY,22506.65,22511.1,22502.2,22509.55,4677353.0
2024-03-07 13:45:00,NSE:NIFTY,22509.75,22515.5,22501.3,22509.85,3555187.0
2024-03-07 13:50:00,NSE:NIFTY,22510.3,22516.15,22505.85,22514.4,3860694.0
2024-03-07 13:55:00,NSE:NIFTY,22515.1,22525.65,22506.9,22513.1,4784685.0
2024-03-07 14:00:00,NSE:NIFTY,22514.35,22516.5,22485.05,22498.85,6741842.0
2024-03-07 14:05:00,NSE:NIFTY,22499.75,22502.15,22491.85,22497.7,3798790.0
2024-03-07 14:10:00,NSE:NIFTY,22498.0,22508.35,22496.5,22499.2,3969780.0
2024-03-07 14:15:00,NSE:NIFTY,22498.85,22511.95,22493.85,22508.45,4234120.0
2024-03-07 14:20:00,NSE:NIFTY,22508.35,22513.55,22504.8,22511.65,5129182.0
2024-03-07 14:25:00,NSE:NIFTY,22511.1,22517.75,22509.45,22516.0,3048749.0
2024-03-07 14:30:00,NSE:NIFTY,22516.6,22522.05,22506.15,22507.0,3824443.0
2024-03-07 14:35:00,NSE:NIFTY,22506.7,22511.0,22503.9,22507.55,3491137.0
2024-03-07 14:40:00,NSE:NIFTY,22507.9,22510.65,22482.85,22487.45,5857247.0
2024-03-07 14:45:00,NSE:NIFTY,22486.65,22500.3,22483.95,22498.3,4762414.0
2024-03-07 14:50:00,NSE:NIFTY,22499.85,22503.55,22487.55,22490.0,3704522.0
2024-03-07 14:55:00,NSE:NIFTY,22488.95,22502.65,22485.25,22500.85,4739684.0
2024-03-07 15:00:00,NSE:NIFTY,22500.7,22517.2,22475.7,22514.1,10234446.0
2024-03-07 15:05:00,NSE:NIFTY,22513.8,22516.25,22483.1,22503.45,8920979.0
2024-03-07 15:10:00,NSE:NIFTY,22503.5,22509.7,22482.5,22500.75,9019056.0
2024-03-07 15:15:00,NSE:NIFTY,22501.1,22504.9,22488.85,22489.55,10222633.0
2024-03-07 15:20:00,NSE:NIFTY,22489.1,22494.2,22464.5,22483.1,9940496.0
2024-03-07 15:25:00,NSE:NIFTY,22484.8,22490.9,22475.6,22483.5,7260697.0
2024-03-11 09:15:00,NSE:NIFTY,22526.6,22526.6,22460.95,22497.7,17277818.0
2024-03-11 09:20:00,NSE:NIFTY,22496.5,22498.45,22471.9,22480.4,9845400.0
2024-03-11 09:25:00,NSE:NIFTY,22482.3,22501.6,22476.1,22488.95,6681855.0
2024-03-11 09:30:00,NSE:NIFTY,22487.65,22497.55,22480.7,22480.7,7453987.0
2024-03-11 09:35:00,NSE:NIFTY,22481.5,22481.5,22467.85,22471.35,4883025.0
2024-03-11 09:40:00,NSE:NIFTY,22471.15,22474.45,22458.95,22474.05,4696265.0
2024-03-11 09:45:00,NSE:NIFTY,22474.8,22484.0,22470.7,22480.75,3689514.0
2024-03-11 09:50:00,NSE:NIFTY,22479.9,22485.85,22469.05,22483.5,3690116.0
2024-03-11 09:55:00,NSE:NIFTY,22483.25,22483.25,22464.65,22465.45,3742307.0
2024-03-11 10:00:00,NSE:NIFTY,22464.95,22468.55,22448.2,22452.3,3546009.0
2024-03-11 10:05:00,NSE:NIFTY,22452.7,22463.05,22451.75,22459.6,3179921.0
2024-03-11 10:10:00,NSE:NIFTY,22459.75,22459.75,22429.65,22431.7,3185098.0
2024-03-11 10:15:00,NSE:NIFTY,22430.85,22454.55,22424.2,22454.35,3013556.0
2024-03-11 10:20:00,NSE:NIFTY,22453.9,22460.9,22447.5,22455.5,2824708.0
2024-03-11 10:25:00,NSE:NIFTY,22455.65,22461.7,22447.7,22448.95,3532659.0
2024-03-11 10:30:00,NSE:NIFTY,22449.3,22453.45,22443.7,22445.15,3662158.0
2024-03-11 10:35:00,NSE:NIFTY,22445.5,22451.7,22439.8,22446.05,2760655.0
2024-03-11 10:40:00,NSE:NIFTY,22445.6,22450.95,22436.65,22437.4,3675953.0
2024-03-11 10:45:00,NSE:NIFTY,22436.8,22437.2,22412.55,22415.65,4670073.0
2024-03-11 10:50:00,NSE:NIFTY,22414.9,22441.25,22411.3,22440.85,3317164.0
2024-03-11 10:55:00,NSE:NIFTY,22441.7,22446.3,22433.7,22446.3,2685625.0
2024-03-11 11:00:00,NSE:NIFTY,22445.35,22445.9,22428.3,22431.05,2649256.0
2024-03-11 11:05:00,NSE:NIFTY,22430.8,22434.5,22422.25,22425.45,2528067.0
2024-03-11 11:10:00,NSE:NIFTY,22425.3,22428.35,22416.5,22417.25,2384185.0
2024-03-11 11:15:00,NSE:NIFTY,22416.55,22422.7,22412.55,22422.35,2247912.0
2024-03-11 11:20:00,NSE:NIFTY,22422.85,22424.5,22412.05,22412.25,3031763.0
2024-03-11 11:25:00,NSE:NIFTY,22412.6,22419.55,22395.55,22415.6,3076752.0
2024-03-11 11:30:00,NSE:NIFTY,22415.7,22437.3,22413.9,22436.05,3361888.0
2024-03-11 11:35:00,NSE:NIFTY,22435.05,22439.45,22429.15,22431.45,2636154.0
2024-03-11 11:40:00,NSE:NIFTY,22431.0,22433.45,22420.55,22420.55,2161414.0
2024-03-11 11:45:00,NSE:NIFTY,22421.15,22424.35,22412.95,22414.45,2062487.0
2024-03-11 11:50:00,NSE:NIFTY,22413.6,22419.3,22388.45,22392.15,3078062.0
2024-03-11 11:55:00,NSE:NIFTY,22390.8,22406.8,22383.45,22405.6,3548657.0
2024-03-11 12:00:00,NSE:NIFTY,22404.35,22406.3,22387.8,22398.7,2962940.0
2024-03-11 12:05:00,NSE:NIFTY,22398.1,22404.55,22389.15,22389.6,2072987.0
2024-03-11 12:10:00,NSE:NIFTY,22389.2,22392.4,22366.85,22373.55,2350425.0
2024-03-11 12:15:00,NSE:NIFTY,22373.05,22387.6,22369.55,22387.15,2418153.0
2024-03-11 12:20:00,NSE:NIFTY,22387.3,22391.45,22373.95,22382.0,2438438.0
2024-03-11 12:25:00,NSE:NIFTY,22381.65,22392.15,22379.4,22381.85,2225237.0
2024-03-11 12:30:00,NSE:NIFTY,22381.9,22397.85,22378.2,22397.0,2576974.0
2024-03-11 12:35:00,NSE:NIFTY,22397.1,22421.55,22395.9,22418.0,3870744.0
2024-03-11 12:40:00,NSE:NIFTY,22417.5,22418.5,22406.65,22411.2,2639338.0
2024-03-11 12:45:00,NSE:NIFTY,22411.7,22415.35,22405.2,22407.15,2061199.0
2024-03-11 12:50:00,NSE:NIFTY,22407.05,22416.55,22403.3,22415.1,2152051.0
2024-03-11 12:55:00,NSE:NIFTY,22415.05,22423.1,22406.8,22410.05,2094649.0
2024-03-11 13:00:00,NSE:NIFTY,22410.3,22413.6,22404.25,22405.2,1888861.0
2024-03-11 13:05:00,NSE:NIFTY,22404.3,22405.8,22393.85,22402.65,2248263.0
2024-03-11 13:10:00,NSE:NIFTY,22402.15,22402.75,22389.3,22392.95,2072210.0
2024-03-11 13:15:00,NSE:NIFTY,22393.5,22398.45,22385.85,22397.5,2839786.0
2024-03-11 13:20:00,NSE:NIFTY,22397.7,22413.25,22397.55,22413.15,1821874.0
2024-03-11 13:25:00,NSE:NIFTY,22413.55,22420.5,22408.0,22419.5,1587298.0
2024-03-11 13:30:00,NSE:NIFTY,22419.75,22426.05,22410.0,22410.45,2037949.0
2024-03-11 13:35:00,NSE:NIFTY,22410.6,22415.3,22396.9,22400.2,1875455.0
2024-03-11 13:40:00,NSE:NIFTY,22399.3,22407.95,22397.15,22399.7,1743649.0
2024-03-11 13:45:00,NSE:NIFTY,22399.35,22408.85,22395.8,22408.15,1419679.0
2024-03-11 13:50:00,NSE:NIFTY,22407.75,22418.75,22407.75,22417.4,1651680.0
2024-03-11 13:55:00,NSE:NIFTY,22417.55,22419.75,22403.65,22405.75,1510576.0
2024-03-11 14:00:00,NSE:NIFTY,22404.55,22408.0,22397.1,22403.8,2011413.0
2024-03-11 14:05:00,NSE:NIFTY,22403.45,22405.4,22393.0,22393.8,1940161.0
2024-03-11 14:10:00,NSE:NIFTY,22392.7,22395.2,22375.75,22376.05,1872080.0
2024-03-11 14:15:00,NSE:NIFTY,22376.1,22385.5,22367.95,22375.65,2395509.0
2024-03-11 14:20:00,NSE:NIFTY,22375.45,22376.8,22341.65,22343.65,3367882.0
2024-03-11 14:25:00,NSE:NIFTY,22344.2,22368.8,22344.15,22364.4,2500267.0
2024-03-11 14:30:00,NSE:NIFTY,22367.55,22387.75,22366.2,22385.4,2720127.0
2024-03-11 14:35:00,NSE:NIFTY,22385.95,22391.5,22379.35,22386.25,3027645.0
2024-03-11 14:40:00,NSE:NIFTY,22388.65,22395.85,22379.7,22390.35,3871170.0
2024-03-11 14:45:00,NSE:NIFTY,22388.3,22404.65,22388.3,22398.85,3463527.0
2024-03-11 14:50:00,NSE:NIFTY,22399.4,22406.6,22391.85,22400.3,3064371.0
2024-03-11 14:55:00,NSE:NIFTY,22400.25,22402.3,22392.0,22398.85,3006855.0
2024-03-11 15:00:00,NSE:NIFTY,22399.25,22408.65,22359.4,22363.6,8363768.0
2024-03-11 15:05:00,NSE:NIFTY,22361.8,22362.9,22334.75,22337.1,7716178.0
2024-03-11 15:10:00,NSE:NIFTY,22336.85,22336.85,22308.25,22323.7,10110134.0
2024-03-11 15:15:00,NSE:NIFTY,22322.2,22322.3,22307.25,22318.0,9347192.0
2024-03-11 15:20:00,NSE:NIFTY,22317.0,22325.85,22317.0,22320.5,9804195.0
2024-03-11 15:25:00,NSE:NIFTY,22319.4,22337.4,22314.95,22319.85,6667137.0
2024-03-12 09:15:00,NSE:NIFTY,22340.9,22369.85,22319.2,22369.3,12885774.0
2024-03-12 09:20:00,NSE:NIFTY,22369.2,22369.2,22341.35,22351.55,7898718.0
2024-03-12 09:25:00,NSE:NIFTY,22352.55,22356.55,22329.3,22331.05,7043194.0
2024-03-12 09:30:00,NSE:NIFTY,22331.55,22393.3,22315.0,22392.8,8526764.0
2024-03-12 09:35:00,NSE:NIFTY,22394.45,22434.1,22388.4,22424.85,10212305.0
2024-03-12 09:40:00,NSE:NIFTY,22425.35,22430.9,22405.85,22428.55,5178499.0
2024-03-12 09:45:00,NSE:NIFTY,22429.0,22434.8,22412.1,22426.55,4665908.0
2024-03-12 09:50:00,NSE:NIFTY,22427.95,22435.85,22400.7,22400.7,3931741.0
2024-03-12 09:55:00,NSE:NIFTY,22400.65,22428.2,22398.2,22424.8,3769787.0
2024-03-12 10:00:00,NSE:NIFTY,22424.7,22450.6,22423.7,22444.25,3947026.0
2024-03-12 10:05:00,NSE:NIFTY,22444.7,22447.45,22431.4,22440.15,4700092.0
2024-03-12 10:10:00,NSE:NIFTY,22439.95,22439.95,22426.75,22437.75,4661399.0
2024-03-12 10:15:00,NSE:NIFTY,22439.4,22452.55,22439.25,22445.55,2964005.0
2024-03-12 10:20:00,NSE:NIFTY,22445.5,22445.95,22431.65,22445.5,3697143.0
2024-03-12 10:25:00,NSE:NIFTY,22446.1,22446.4,22431.95,22434.75,3648479.0
2024-03-12 10:30:00,NSE:NIFTY,22434.45,22436.95,22396.1,22411.5,6894309.0
2024-03-12 10:35:00,NSE:NIFTY,22411.15,22414.1,22398.65,22412.6,4553567.0
2024-03-12 10:40:00,NSE:NIFTY,22412.8,22422.6,22347.9,22348.6,6381719.0
2024-03-12 10:45:00,NSE:NIFTY,22350.55,22350.55,22256.0,22298.75,13127423.0
2024-03-12 10:50:00,NSE:NIFTY,22300.25,22302.05,22277.7,22302.05,4376294.0
2024-03-12 10:55:00,NSE:NIFTY,22302.65,22373.75,22298.05,22335.25,5537022.0
2024-03-12 11:00:00,NSE:NIFTY,22335.0,22365.5,22325.85,22359.7,3091300.0
2024-03-12 11:05:00,NSE:NIFTY,22359.65,22378.55,22352.45,22357.05,2342551.0
2024-03-12 11:10:00,NSE:NIFTY,22356.5,22364.05,22346.35,22361.05,2028052.0
2024-03-12 11:15:00,NSE:NIFTY,22362.15,22375.5,22354.45,22366.1,1974234.0
2024-03-12 11:20:00,NSE:NIFTY,22367.45,22376.65,22347.75,22371.1,2921652.0
2024-03-12 11:25:00,NSE:NIFTY,22371.6,22371.6,22346.55,22353.35,2771277.0
2024-03-12 11:30:00,NSE:NIFTY,22353.45,22358.1,22327.95,22331.4,2975930.0
2024-03-12 11:35:00,NSE:NIFTY,22332.7,22352.2,22329.95,22343.7,2660815.0
2024-03-12 11:40:00,NSE:NIFTY,22343.9,22344.5,22323.85,22324.6,2010289.0
2024-03-12 11:45:00,NSE:NIFTY,22325.6,22343.0,22323.85,22328.0,2644448.0
2024-03-12 11:50:00,NSE:NIFTY,22328.3,22346.35,22325.2,22344.0,1782203.0
2024-03-12 11:55:00,NSE:NIFTY,22343.5,22344.35,22321.25,22325.75,2456580.0
2024-03-12 12:00:00,NSE:NIFTY,22324.7,22331.6,22313.8,22321.1,2673398.0
2024-03-12 12:05:00,NSE:NIFTY,22320.85,22344.95,22320.85,22344.95,2306554.0
2024-03-12 12:10:00,NSE:NIFTY,22349.0,22392.4,22349.0,22359.55,4915436.0
2024-03-12 12:15:00,NSE:NIFTY,22359.85,22379.35,22358.55,22372.95,2608102.0
2024-03-12 12:20:00,NSE:NIFTY,22375.2,22378.7,22364.4,22367.8,3070476.0
2024-03-12 12:25:00,NSE:NIFTY,22368.05,22384.25,22366.7,22382.55,3139625.0
2024-03-12 12:30:00,NSE:NIFTY,22383.3,22384.95,22369.1,22381.65,2386750.0
2024-03-12 12:35:00,NSE:NIFTY,22381.4,22385.95,22368.25,22369.55,2053763.0
2024-03-12 12:40:00,NSE:NIFTY,22370.3,22380.15,22365.9,22380.15,1844583.0
2024-03-12 12:45:00,NSE:NIFTY,22378.85,22379.9,22366.9,22367.6,1741133.0
2024-03-12 12:50:00,NSE:NIFTY,22368.1,22372.4,22360.05,22368.65,2601503.0
2024-03-12 12:55:00,NSE:NIFTY,22367.6,22374.95,22343.8,22347.65,3135309.0
2024-03-12 13:00:00,NSE:NIFTY,22348.3,22353.9,22340.5,22341.3,2199321.0
2024-03-12 13:05:00,NSE:NIFTY,22340.95,22361.35,22335.0,22356.25,2130634.0
2024-03-12 13:10:00,NSE:NIFTY,22355.95,22381.2,22352.9,22378.9,3069774.0
2024-03-12 13:15:00,NSE:NIFTY,22379.2,22383.45,22370.15,22379.7,2549086.0
2024-03-12 13:20:00,NSE:NIFTY,22379.15,22385.8,22373.0,22376.0,2475736.0
2024-03-12 13:25:00,NSE:NIFTY,22376.1,22391.45,22370.05,22388.7,2524776.0
2024-03-12 13:30:00,NSE:NIFTY,22388.85,22402.1,22386.45,22387.05,2252250.0
2024-03-12 13:35:00,NSE:NIFTY,22386.8,22390.5,22380.75,22382.7,2241198.0
2024-03-12 13:40:00,NSE:NIFTY,22382.05,22391.6,22378.45,22384.75,1870227.0
2024-03-12 13:45:00,NSE:NIFTY,22384.1,22395.85,22382.5,22383.45,1946639.0
2024-03-12 13:50:00,NSE:NIFTY,22383.2,22389.55,22376.7,22380.95,2039465.0
2024-03-12 13:55:00,NSE:NIFTY,22380.9,22392.35,22377.6,22379.15,1936939.0
2024-03-12 14:00:00,NSE:NIFTY,22377.85,22392.45,22376.6,22391.15,2479364.0
2024-03-12 14:05:00,NSE:NIFTY,22390.8,22398.1,22378.3,22384.25,3349852.0
2024-03-12 14:10:00,NSE:NIFTY,22385.0,22385.15,22365.15,22369.45,2726317.0
2024-03-12 14:15:00,NSE:NIFTY,22368.5,22381.4,22366.75,22368.35,2690030.0
2024-03-12 14:20:00,NSE:NIFTY,22369.3,22370.8,22342.85,22349.1,3511004.0
2024-03-12 14:25:00,NSE:NIFTY,22350.4,22352.05,22334.85,22350.1,2968615.0
2024-03-12 14:30:00,NSE:NIFTY,22348.7,22352.05,22305.6,22319.55,4008437.0
2024-03-12 14:35:00,NSE:NIFTY,22317.6,22329.8,22314.15,22327.95,3107302.0
2024-03-12 14:40:00,NSE:NIFTY,22327.8,22339.65,22312.55,22321.05,3338863.0
2024-03-12 14:45:00,NSE:NIFTY,22318.9,22339.1,22318.15,22331.4,3306473.0
2024-03-12 14:50:00,NSE:NIFTY,22329.95,22338.25,22321.4,22329.05,2441045.0
2024-03-12 14:55:00,NSE:NIFTY,22327.65,22333.75,22314.85,22319.6,2715957.0
2024-03-12 15:00:00,NSE:NIFTY,22319.05,22363.2,22319.05,22353.75,8397071.0
2024-03-12 15:05:00,NSE:NIFTY,22352.5,22352.5,22335.05,22343.75,6187674.0
2024-03-12 15:10:00,NSE:NIFTY,22342.55,22342.55,22319.85,22331.65,7356421.0
2024-03-12 15:15:00,NSE:NIFTY,22329.95,22337.35,22325.05,22333.2,7504884.0
2024-03-12 15:20:00,NSE:NIFTY,22332.95,22338.35,22325.85,22335.95,8525302.0
2024-03-12 15:25:00,NSE:NIFTY,22335.15,22342.65,22331.1,22332.7,5730829.0
2024-03-13 09:15:00,NSE:NIFTY,22446.75,22446.75,22386.8,22393.5,25950284.0
2024-03-13 09:20:00,NSE:NIFTY,22393.05,22394.95,22370.65,22376.7,14452600.0
2024-03-13 09:25:00,NSE:NIFTY,22376.05,22379.5,22338.75,22345.7,9673514.0
2024-03-13 09:30:00,NSE:NIFTY,22344.25,22359.25,22323.55,22336.05,8319791.0
2024-03-13 09:35:00,NSE:NIFTY,22335.15,22353.75,22307.1,22319.45,10420982.0
2024-03-13 09:40:00,NSE:NIFTY,22316.3,22347.55,22314.85,22342.25,8437383.0
2024-03-13 09:45:00,NSE:NIFTY,22343.0,22343.0,22301.3,22314.65,8258338.0
2024-03-13 09:50:00,NSE:NIFTY,22317.15,22322.1,22292.55,22298.05,6337678.0
2024-03-13 09:55:00,NSE:NIFTY,22298.2,22302.75,22273.6,22297.1,7556832.0
2024-03-13 10:00:00,NSE:NIFTY,22296.45,22296.45,22260.75,22275.25,7548362.0
2024-03-13 10:05:00,NSE:NIFTY,22274.9,22301.05,22263.05,22289.45,7346430.0
2024-03-13 10:10:00,NSE:NIFTY,22289.5,22336.15,22282.8,22336.15,7854787.0
2024-03-13 10:15:00,NSE:NIFTY,22334.5,22344.15,22309.35,22316.0,5907514.0
2024-03-13 10:20:00,NSE:NIFTY,22314.55,22319.35,22290.4,22302.3,5270604.0
2024-03-13 10:25:00,NSE:NIFTY,22300.5,22304.75,22279.1,22287.05,6063982.0
2024-03-13 10:30:00,NSE:NIFTY,22287.4,22296.2,22280.45,22293.55,4316027.0
2024-03-13 10:35:00,NSE:NIFTY,22293.05,22308.6,22287.2,22300.2,5434875.0
2024-03-13 10:40:00,NSE:NIFTY,22299.35,22316.3,22285.8,22311.05,3993488.0
2024-03-13 10:45:00,NSE:NIFTY,22312.3,22317.3,22298.15,22298.7,4493101.0
2024-03-13 10:50:00,NSE:NIFTY,22299.35,22301.95,22273.1,22284.7,4251351.0
2024-03-13 10:55:00,NSE:NIFTY,22284.1,22284.1,22270.9,22272.5,3414550.0
2024-03-13 11:00:00,NSE:NIFTY,22274.2,22276.5,22240.9,22246.1,4693339.0
2024-03-13 11:05:00,NSE:NIFTY,22245.8,22252.65,22224.9,22252.15,6754159.0
2024-03-13 11:10:00,NSE:NIFTY,22251.95,22251.95,22229.25,22239.0,3792721.0
2024-03-13 11:15:00,NSE:NIFTY,22239.8,22245.6,22227.7,22243.0,3425133.0
2024-03-13 11:20:00,NSE:NIFTY,22242.1,22252.05,22192.2,22196.35,4945426.0
2024-03-13 11:25:00,NSE:NIFTY,22194.95,22205.5,22167.2,22184.45,5161945.0
2024-03-13 11:30:00,NSE:NIFTY,22186.45,22186.45,22143.75,22166.0,4773078.0
2024-03-13 11:35:00,NSE:NIFTY,22166.85,22172.75,22150.75,22155.55,4867410.0
2024-03-13 11:40:00,NSE:NIFTY,22156.1,22156.1,22121.8,22142.9,4328607.0
2024-03-13 11:45:00,NSE:NIFTY,22141.75,22149.05,22115.0,22122.0,4728741.0
2024-03-13 11:50:00,NSE:NIFTY,22121.3,22132.0,22094.85,22120.5,4340385.0
2024-03-13 11:55:00,NSE:NIFTY,22119.05,22122.15,22092.65,22122.15,4550639.0
2024-03-13 12:00:00,NSE:NIFTY,22121.1,22124.75,22107.45,22119.45,4855763.0
2024-03-13 12:05:00,NSE:NIFTY,22117.45,22138.55,22110.75,22129.4,3694344.0
2024-03-13 12:10:00,NSE:NIFTY,22131.0,22131.0,22074.8,22080.2,4298631.0
2024-03-13 12:15:00,NSE:NIFTY,22080.7,22097.05,22063.35,22064.7,4169300.0
2024-03-13 12:20:00,NSE:NIFTY,22061.95,22076.2,22046.65,22052.65,4382140.0
2024-03-13 12:25:00,NSE:NIFTY,22052.4,22087.85,22040.7,22084.55,5429286.0
2024-03-13 12:30:00,NSE:NIFTY,22083.95,22104.95,22054.55,22100.45,4151205.0
2024-03-13 12:35:00,NSE:NIFTY,22099.1,22112.65,22084.3,22112.5,4807891.0
2024-03-13 12:40:00,NSE:NIFTY,22111.25,22113.05,22083.1,22095.0,4319779.0
2024-03-13 12:45:00,NSE:NIFTY,22093.3,22109.4,22080.1,22109.3,3801070.0
2024-03-13 12:50:00,NSE:NIFTY,22109.65,22109.65,22079.85,22095.8,5527362.0
2024-03-13 12:55:00,NSE:NIFTY,22095.35,22124.1,22087.55,22124.1,5229026.0
2024-03-13 13:00:00,NSE:NIFTY,22122.45,22126.1,22108.3,22115.9,4490642.0
2024-03-13 13:05:00,NSE:NIFTY,22116.15,22125.2,22104.45,22115.0,4802319.0
2024-03-13 13:10:00,NSE:NIFTY,22115.55,22120.2,22094.05,22109.55,3589716.0
2024-03-13 13:15:00,NSE:NIFTY,22108.65,22110.0,22081.1,22093.65,3382692.0
2024-03-13 13:20:00,NSE:NIFTY,22091.9,22093.05,22057.9,22076.4,3572476.0
2024-03-13 13:25:00,NSE:NIFTY,22076.15,22100.75,22060.9,22100.6,3924490.0
2024-03-13 13:30:00,NSE:NIFTY,22098.75,22118.9,22074.45,22087.35,4431051.0
2024-03-13 13:35:00,NSE:NIFTY,22087.15,22091.75,22063.9,22073.1,3941156.0
2024-03-13 13:40:00,NSE:NIFTY,22071.55,22071.8,22053.25,22067.05,3561707.0
2024-03-13 13:45:00,NSE:NIFTY,22067.0,22067.0,22050.8,22052.15,2698726.0
2024-03-13 13:50:00,NSE:NIFTY,22051.7,22052.35,22016.0,22028.4,4507508.0
2024-03-13 13:55:00,NSE:NIFTY,22028.05,22064.35,22023.25,22052.85,4751233.0
2024-03-13 14:00:00,NSE:NIFTY,22052.7,22060.55,22034.65,22056.4,4412264.0
2024-03-13 14:05:00,NSE:NIFTY,22056.6,22056.8,22030.5,22038.5,6773399.0
2024-03-13 14:10:00,NSE:NIFTY,22035.85,22036.55,21997.75,22004.2,8096284.0
2024-03-13 14:15:00,NSE:NIFTY,22001.7,22002.1,21943.85,21970.75,7783580.0
2024-03-13 14:20:00,NSE:NIFTY,21971.7,21975.95,21956.2,21959.7,6343880.0
2024-03-13 14:25:00,NSE:NIFTY,21959.25,21998.15,21956.5,21961.8,6202473.0
2024-03-13 14:30:00,NSE:NIFTY,21961.65,21972.8,21937.05,21942.3,7505724.0
2024-03-13 14:35:00,NSE:NIFTY,21941.5,21952.65,21918.3,21930.6,6983476.0
2024-03-13 14:40:00,NSE:NIFTY,21930.5,21934.05,21905.65,21934.05,6895575.0
2024-03-13 14:45:00,NSE:NIFTY,21932.45,21975.45,21920.4,21972.1,7293571.0
2024-03-13 14:50:00,NSE:NIFTY,21969.8,21980.35,21956.55,21958.3,5891547.0
2024-03-13 14:55:00,NSE:NIFTY,21957.3,21957.3,21937.45,21954.45,4943960.0
2024-03-13 15:00:00,NSE:NIFTY,21953.85,22046.65,21953.85,22009.1,16285698.0
2024-03-13 15:05:00,NSE:NIFTY,22009.15,22041.4,22009.15,22033.4,14975835.0
2024-03-13 15:10:00,NSE:NIFTY,22038.05,22049.05,21969.3,21969.85,15775509.0
2024-03-13 15:15:00,NSE:NIFTY,21969.9,22010.95,21967.7,21991.6,14690176.0
2024-03-13 15:20:00,NSE:NIFTY,21992.0,21994.8,21972.0,21974.45,12935834.0
2024-03-13 15:25:00,NSE:NIFTY,21972.35,21989.8,21963.95,21981.05,9920771.0
