,net_profit,stoploss,squee,lookback,ema_length,conv,length,lengthMA,lengthSignal,fast,slow,signal,timestamp,checkpoint_dir_name,done,training_iteration,trial_id,date,time_this_iter_s,time_total_s,pid,hostname,node_ip,time_since_restore,iterations_since_restore,config/stoploss,config/squee,config/lookback,config/ema_length,config/conv,config/length,config/lengthMA,config/lengthSignal,config/fast,config/slow,config/signal,config/net_profit,logdir
0,-0.023956565257331638,1.0292247147901223,7.080725777960454,6.452090304204987,33.57071488588757,45.60338558582603,24.74902239948739,19.928708336812587,6.055857528741269,20.299848545285126,28.4379103992691,26.252932081698184,1723148185,,False,1,c01b5c6c,2024-08-09_01-46-25,13.260003566741943,13.260003566741943,117160,compute8,192.168.10.11,13.260003566741943,1,1.0292247147901223,7.080725777960454,6.452090304204987,33.57071488588757,45.60338558582603,24.74902239948739,19.928708336812587,6.055857528741269,20.299848545285126,28.4379103992691,26.252932081698184,-0.023956565257331638,c01b5c6c
1,99.47530696739705,6.974693032602092,6.118528947223795,18.11891079080595,30.14083658321223,73.58576305161372,8.909348753869823,20.969371374430487,9.91029831694798,7.308477766956904,17.901790766733427,14.094460521979242,1723148187,,False,1,3dcb7c41,2024-08-09_01-46-27,12.38513445854187,12.38513445854187,118041,compute8,192.168.10.11,12.38513445854187,1,6.974693032602092,6.118528947223795,18.11891079080595,30.14083658321223,73.58576305161372,8.909348753869823,20.969371374430487,9.91029831694798,7.308477766956904,17.901790766733427,14.094460521979242,99.47530696739705,3dcb7c41
2,-79.65047482139633,3.252579649263976,1.7052412368729153,19.810364221551062,16.62449345551706,41.730798481155254,31.836686532934518,21.58760372201767,15.370095398753902,13.401749605425898,28.656524964648906,3.3006115561599363,1723148189,,False,1,9bd646ac,2024-08-09_01-46-29,12.719355821609497,12.719355821609497,119190,compute8,192.168.10.11,12.719355821609497,1,3.252579649263976,1.7052412368729153,19.810364221551062,16.62449345551706,41.730798481155254,31.836686532934518,21.58760372201767,15.370095398753902,13.401749605425898,28.656524964648906,3.3006115561599363,-79.65047482139633,9bd646ac
3,0.0,45.4660201039391,0.34388521115218396,16.003812343490033,34.00332895916222,72.59762025090666,13.575323228588086,17.71154033224259,19.79005868931608,22.209933702911528,24.836014943783187,5.417070575653807,1723148191,,False,1,2060adcd,2024-08-09_01-46-31,11.637738704681396,11.637738704681396,120085,compute8,192.168.10.11,11.637738704681396,1,45.4660201039391,0.34388521115218396,16.003812343490033,34.00332895916222,72.59762025090666,13.575323228588086,17.71154033224259,19.79005868931608,22.209933702911528,24.836014943783187,5.417070575653807,0.0,2060adcd
4,4.383292683877415,29.894998940554256,8.948273504276488,29.239615694113965,25.213146246265477,40.1626591352008,21.762584804756813,34.77499061504463,6.806215843663703,9.792776902235275,39.94296401318243,23.703719054111207,1723148195,,False,1,e7c0ff22,2024-08-09_01-46-35,13.542612552642822,13.542612552642822,121079,compute8,192.168.10.11,13.542612552642822,1,29.894998940554256,8.948273504276488,29.239615694113965,25.213146246265477,40.1626591352008,21.762584804756813,34.77499061504463,6.806215843663703,9.792776902235275,39.94296401318243,23.703719054111207,4.383292683877415,e7c0ff22
5,200.0,27.134804157912424,2.8093450968738076,11.783725794347397,8.566282559505666,71.32808904608649,3.7186369786004465,26.362552569004045,12.105609531926532,6.89957156047863,20.129613107582035,25.20465025625402,1723148198,,False,1,38dfb40c,2024-08-09_01-46-38,12.722251653671265,12.722251653671265,121923,compute8,192.168.10.11,12.722251653671265,1,27.134804157912424,2.8093450968738076,11.783725794347397,8.566282559505666,71.32808904608649,3.7186369786004465,26.362552569004045,12.105609531926532,6.89957156047863,20.129613107582035,25.20465025625402,200.0,38dfb40c
6,-1.5459329230644016e-17,38.56351733429729,7.2900716804098735,5.13805292809006,29.26371244186715,34.62343857381384,39.50170359081966,43.34530123327298,7.166607719888482,3.8637660919942705,32.03314969081898,24.832919996735356,1723148201,,False,1,54a40ede,2024-08-09_01-46-41,13.097747087478638,13.097747087478638,122889,compute8,192.168.10.11,13.097747087478638,1,38.56351733429729,7.2900716804098735,5.13805292809006,29.26371244186715,34.62343857381384,39.50170359081966,43.34530123327298,7.166607719888482,3.8637660919942705,32.03314969081898,24.832919996735356,-1.5459329230644016e-17,54a40ede
7,7.307264421827211e-25,31.877873567760656,7.29606178338064,6.588958757150591,16.395506127783904,31.480098631502248,34.797930183272555,37.6853288194472,10.603348646168879,4.896726488128243,19.0562329489094,10.707505008038542,1723148205,,False,1,0529b3aa,2024-08-09_01-46-45,14.070235967636108,14.070235967636108,123672,compute8,192.168.10.11,14.070235967636108,1,31.877873567760656,7.29606178338064,6.588958757150591,16.395506127783904,31.480098631502248,34.797930183272555,37.6853288194472,10.603348646168879,4.896726488128243,19.0562329489094,10.707505008038542,7.307264421827211e-25,0529b3aa
8,211.40211536347257,1.2709563372047594,4.275410183585496,24.274179498864026,19.69423282969653,69.69899890108735,29.10330191447381,42.909831847442106,16.593207136806903,4.989856148457543,25.772916198987797,15.82627669820294,1723148207,,False,1,c6454708,2024-08-09_01-46-47,13.432584762573242,13.432584762573242,124533,compute8,192.168.10.11,13.432584762573242,1,1.2709563372047594,4.275410183585496,24.274179498864026,19.69423282969653,69.69899890108735,29.10330191447381,42.909831847442106,16.593207136806903,4.989856148457543,25.772916198987797,15.82627669820294,211.40211536347257,c6454708
9,-3.7579410618168803,3.8489954914396494,2.2879816549162246,11.232305728721872,6.911446384915293,33.07089706868531,13.945527280900414,33.32568626425871,25.59672832207842,17.91026028159451,33.68873871046365,13.490721844997633,1723148209,,False,1,8aa8ffff,2024-08-09_01-46-49,12.692010879516602,12.692010879516602,125380,compute8,192.168.10.11,12.692010879516602,1,3.8489954914396494,2.2879816549162246,11.232305728721872,6.911446384915293,33.07089706868531,13.945527280900414,33.32568626425871,25.59672832207842,17.91026028159451,33.68873871046365,13.490721844997633,-3.7579410618168803,8aa8ffff
10,0.0036512673728718494,11.812619656618478,3.3690400184309297,19.57436398903216,9.48823872638304,75.0,15.590436956897419,43.3068151407931,15.554694406416255,2.0,20.93120434716934,25.530609197963216,1723148227,,False,1,d6b9f752,2024-08-09_01-47-07,14.382728576660156,14.382728576660156,127100,compute8,192.168.10.11,14.382728576660156,1,11.812619656618478,3.3690400184309297,19.57436398903216,9.48823872638304,75.0,15.590436956897419,43.3068151407931,15.554694406416255,2.0,20.93120434716934,25.530609197963216,0.0036512673728718494,d6b9f752
11,0.0036513285428206813,11.812583509472855,3.369001338680872,19.574280923283002,9.488201606649174,75.0,15.590445955263636,43.30684254478689,15.554635238702737,2.0,20.931264203851295,25.530649382459625,1723148231,,False,1,98708483,2024-08-09_01-47-11,14.530028343200684,14.530028343200684,127921,compute8,192.168.10.11,14.530028343200684,1,11.812583509472855,3.369001338680872,19.574280923283002,9.488201606649174,75.0,15.590445955263636,43.30684254478689,15.554635238702737,2.0,20.931264203851295,25.530649382459625,0.0036513285428206813,98708483
12,5.953861799874366,20.992603793575288,4.205719900430529,10.118528859837374,9.512213631641567,68.63052651425241,5.792499547023678,23.6796058631147,14.332543858999596,9.535641002616552,20.546127590907886,29.503761037212964,1723148232,,False,1,6b021542,2024-08-09_01-47-12,13.332230806350708,13.332230806350708,128496,compute8,192.168.10.11,13.332230806350708,1,20.992603793575288,4.205719900430529,10.118528859837374,9.512213631641567,68.63052651425241,5.792499547023678,23.6796058631147,14.332543858999596,9.535641002616552,20.546127590907886,29.503761037212964,5.953861799874366,6b021542
13,47.36649185040477,22.915056219804654,3.2234196917717317,8.595181139112944,14.49289372576901,73.68745840489072,11.561316263001242,24.34903641616711,9.867268854961983,5.748595044823117,13.934838254749836,26.840290963053686,1723148237,,False,1,dbf8df91,2024-08-09_01-47-17,14.048832416534424,14.048832416534424,129311,compute8,192.168.10.11,14.048832416534424,1,22.915056219804654,3.2234196917717317,8.595181139112944,14.49289372576901,73.68745840489072,11.561316263001242,24.34903641616711,9.867268854961983,5.748595044823117,13.934838254749836,26.840290963053686,47.36649185040477,dbf8df91
14,3206.0670066630614,0.8167053532998403,1.0024128141546986,24.500303888931626,13.73242089702116,69.12137551204154,36.22052913621174,46.365795345014625,20.268324200912467,4.299200422412359,27.949500824129625,7.64861120399507,1723148240,,False,1,417cb81e,2024-08-09_01-47-20,14.27869725227356,14.27869725227356,130104,compute8,192.168.10.11,14.27869725227356,1,0.8167053532998403,1.0024128141546986,24.500303888931626,13.73242089702116,69.12137551204154,36.22052913621174,46.365795345014625,20.268324200912467,4.299200422412359,27.949500824129625,7.64861120399507,3206.0670066630614,417cb81e
15,0.0036512320668438537,11.812640520220896,3.36900310678149,19.57435419036352,9.488279535396238,75.0,15.590395130117724,43.30683351590288,15.554685760911413,2.0,20.93133799570156,25.530714695011586,1723148243,,False,1,4906208f,2024-08-09_01-47-23,13.558537006378174,13.558537006378174,131081,compute8,192.168.10.11,13.558537006378174,1,11.812640520220896,3.36900310678149,19.57435419036352,9.488279535396238,75.0,15.590395130117724,43.30683351590288,15.554685760911413,2.0,20.93133799570156,25.530714695011586,0.0036512320668438537,4906208f
16,0.0,4.445343816572839,8.652546818716083,15.026579534029317,31.925948787815848,71.93823007720813,12.106906480969169,20.199510814078586,12.181854157581421,11.111060610216448,23.66228181847937,10.718011916101435,1723148249,,False,1,c82c37f6,2024-08-09_01-47-29,14.003882646560669,14.003882646560669,131872,compute8,192.168.10.11,14.003882646560669,1,4.445343816572839,8.652546818716083,15.026579534029317,31.925948787815848,71.93823007720813,12.106906480969169,20.199510814078586,12.181854157581421,11.111060610216448,23.66228181847937,10.718011916101435,0.0,c82c37f6
17,370.1289374420626,1.173811688119894,3.8552812779167764,24.88763822788436,19.052852564992243,69.19879653611144,28.820408361300444,42.5829305411098,16.281545272192606,5.684641671170139,26.20367321363971,15.61631669658164,1723148251,,False,1,a0c4d1c8,2024-08-09_01-47-31,13.055603265762329,13.055603265762329,132614,compute8,192.168.10.11,13.055603265762329,1,1.173811688119894,3.8552812779167764,24.88763822788436,19.052852564992243,69.19879653611144,28.820408361300444,42.5829305411098,16.281545272192606,5.684641671170139,26.20367321363971,15.61631669658164,370.1289374420626,a0c4d1c8
18,200.0,28.118447511829054,2.5988954530536943,12.049098735195457,8.434232895032142,71.78247908080155,3.4075814537605664,26.792480836767968,11.757492247177854,6.490699542378658,20.074396603353446,24.551565841516627,1723148257,,False,1,75278a72,2024-08-09_01-47-37,14.537349700927734,14.537349700927734,133611,compute8,192.168.10.11,14.537349700927734,1,28.118447511829054,2.5988954530536943,12.049098735195457,8.434232895032142,71.78247908080155,3.4075814537605664,26.792480836767968,11.757492247177854,6.490699542378658,20.074396603353446,24.551565841516627,200.0,75278a72
19,9826.541031857538,0.7392858222469441,0.465985317690263,24.539945603426297,12.756981622702265,69.02571070894513,37.39488045632551,46.93339784355423,20.871922026006878,4.186576165921143,28.30855211439145,6.3036839401024105,1723148260,,False,1,37d6ad34,2024-08-09_01-47-40,12.934465885162354,12.934465885162354,134627,compute8,192.168.10.11,12.934465885162354,1,0.7392858222469441,0.465985317690263,24.539945603426297,12.756981622702265,69.02571070894513,37.39488045632551,46.93339784355423,20.871922026006878,4.186576165921143,28.30855211439145,6.3036839401024105,9826.541031857538,37d6ad34
20,9827.148177482159,0.7388443493150298,0.46565820901908883,24.538195170645068,12.756191946604986,69.02656101139293,37.39339073209883,46.93359603120474,20.872748121594736,4.186422562711674,28.30874281745519,6.3035707132021495,1723148265,,False,1,42699238,2024-08-09_01-47-45,13.037927389144897,13.037927389144897,135412,compute8,192.168.10.11,13.037927389144897,1,0.7388443493150298,0.46565820901908883,24.538195170645068,12.756191946604986,69.02656101139293,37.39339073209883,46.93359603120474,20.872748121594736,4.186422562711674,28.30874281745519,6.3035707132021495,9827.148177482159,42699238
21,3421.704147718454,0.5527324635592399,0.0,25.70009421312903,11.821033232024647,68.12125855342256,36.58176715839094,46.189645960529646,20.13118296666166,5.523678766891934,29.034405047034344,6.247832030655935,1723148270,,False,1,c4056b27,2024-08-09_01-47-50,13.586482524871826,13.586482524871826,136401,compute8,192.168.10.11,13.586482524871826,1,0.5527324635592399,0.0,25.70009421312903,11.821033232024647,68.12125855342256,36.58176715839094,46.189645960529646,20.13118296666166,5.523678766891934,29.034405047034344,6.247832030655935,3421.704147718454,c4056b27
22,3421.4859573980907,0.5533182538642281,0.0,25.699844574327244,11.820939341570154,68.1209826918408,36.58170556649111,46.18939869901771,20.13137939145433,5.523692641323447,29.034455648493676,6.247997515741091,1723148277,,False,1,befe491e,2024-08-09_01-47-57,14.471473455429077,14.471473455429077,137525,compute8,192.168.10.11,14.471473455429077,1,0.5533182538642281,0.0,25.699844574327244,11.820939341570154,68.1209826918408,36.58170556649111,46.18939869901771,20.13137939145433,5.523692641323447,29.034455648493676,6.247997515741091,3421.4859573980907,befe491e
23,2451.723232995852,0.7095714740953651,0.39768021253347374,24.696057045545604,12.458200688941654,68.64804861858968,37.591237451820945,47.14080277567546,21.143885946057814,4.110551826520105,28.749536226785967,6.0398185373648605,1723148279,,False,1,f082595b,2024-08-09_01-47-59,13.576839447021484,13.576839447021484,138318,compute8,192.168.10.11,13.576839447021484,1,0.7095714740953651,0.39768021253347374,24.696057045545604,12.458200688941654,68.64804861858968,37.591237451820945,47.14080277567546,21.143885946057814,4.110551826520105,28.749536226785967,6.0398185373648605,2451.723232995852,f082595b
24,572.9458259100436,0.6754482900599629,0.12865061156155536,24.49673824632698,12.136137607872913,69.00042676534703,38.04869440878703,47.28462357797889,21.269061681504628,4.1125053329596515,28.533213414619702,5.4851346363994224,1723148282,,False,1,59126f7e,2024-08-09_01-48-02,13.935099124908447,13.935099124908447,139025,compute8,192.168.10.11,13.935099124908447,1,0.6754482900599629,0.12865061156155536,24.49673824632698,12.136137607872913,69.00042676534703,38.04869440878703,47.28462357797889,21.269061681504628,4.1125053329596515,28.533213414619702,5.4851346363994224,572.9458259100436,59126f7e
25,572.9449164901081,0.6754591941633477,0.1286489128080785,24.496740281675873,12.136153389182871,69.00042282052921,38.04867201131714,47.284620003140816,21.269042738139753,4.112485944774352,28.53322337315467,5.485102257213919,1723148288,,False,1,448c4988,2024-08-09_01-48-08,13.704012870788574,13.704012870788574,139901,compute8,192.168.10.11,13.704012870788574,1,0.6754591941633477,0.1286489128080785,24.496740281675873,12.136153389182871,69.00042282052921,38.04867201131714,47.284620003140816,21.269042738139753,4.112485944774352,28.53322337315467,5.485102257213919,572.9449164901081,448c4988
26,567.3483096180097,0.7428644987012843,0.30107777295834404,24.320880608635385,12.47696182789168,69.16694854388624,38.157768763372616,47.372354858223815,21.324953329858637,3.8463925698198813,28.330762834288095,5.64952048076943,1723148291,,False,1,af2edd5d,2024-08-09_01-48-11,14.465791940689087,14.465791940689087,140673,compute8,192.168.10.11,14.465791940689087,1,0.7428644987012843,0.30107777295834404,24.320880608635385,12.47696182789168,69.16694854388624,38.157768763372616,47.372354858223815,21.324953329858637,3.8463925698198813,28.330762834288095,5.64952048076943,567.3483096180097,af2edd5d
27,567.3479638978288,0.7428686812477251,0.3010713341283372,24.32088377913372,12.476977138307253,69.16696007555946,38.157776831476795,47.372345352317,21.324971704184005,3.846409993821881,28.330782998125866,5.649529560075183,1723148295,,False,1,f5a98c9c,2024-08-09_01-48-15,15.187423467636108,15.187423467636108,141372,compute8,192.168.10.11,15.187423467636108,1,0.7428686812477251,0.3010713341283372,24.32088377913372,12.476977138307253,69.16696007555946,38.157776831476795,47.372345352317,21.324971704184005,3.846409993821881,28.330782998125866,5.649529560075183,567.3479638978288,f5a98c9c
28,9802.27131613303,0.756953620311762,0.5255855071208219,24.499867673228337,12.932008448763435,69.16166736175785,37.246369318723104,46.80994910889669,20.717338673041468,4.2349686987493405,28.12274435939021,6.492601949031065,1723148300,,False,1,2ccd9008,2024-08-09_01-48-20,13.125181198120117,13.125181198120117,142217,compute8,192.168.10.11,13.125181198120117,1,0.756953620311762,0.5255855071208219,24.499867673228337,12.932008448763435,69.16166736175785,37.246369318723104,46.80994910889669,20.717338673041468,4.2349686987493405,28.12274435939021,6.492601949031065,9802.27131613303,2ccd9008
29,3220.207056913244,0.7554181797035618,0.5381011732150842,24.50982839107672,12.935270319193998,69.12716248826794,37.21743337905021,46.810966785457204,20.72584762376157,4.230569400436663,28.15704546059359,6.516033985434645,1723148301,,False,1,e000fad9,2024-08-09_01-48-21,12.32369875907898,12.32369875907898,143057,compute8,192.168.10.11,12.32369875907898,1,0.7554181797035618,0.5381011732150842,24.50982839107672,12.935270319193998,69.12716248826794,37.21743337905021,46.810966785457204,20.72584762376157,4.230569400436663,28.15704546059359,6.516033985434645,3220.207056913244,e000fad9
30,9805.032729671211,0.7549413455278553,0.5362810613596588,24.510739094290564,12.930219279422664,69.12367246222615,37.22217678399197,46.81466460016424,20.730380968305287,4.229032102751643,28.16202859564865,6.51026842604912,1723148313,,False,1,bfa42e23,2024-08-09_01-48-33,13.458955526351929,13.458955526351929,143718,compute8,192.168.10.11,13.458955526351929,1,0.7549413455278553,0.5362810613596588,24.510739094290564,12.930219279422664,69.12367246222615,37.22217678399197,46.81466460016424,20.730380968305287,4.229032102751643,28.16202859564865,6.51026842604912,9805.032729671211,bfa42e23
31,9812.258041092493,0.749678642622188,0.5269657006280575,24.527103117176424,12.907741941903895,69.1043212884809,37.20341945170235,46.805075046820306,20.724329793486586,4.250456515085316,28.182747699171255,6.507096913921114,1723148319,,False,1,07bc6d5b,2024-08-09_01-48-39,13.409400224685669,13.409400224685669,144585,compute8,192.168.10.11,13.409400224685669,1,0.749678642622188,0.5269657006280575,24.527103117176424,12.907741941903895,69.1043212884809,37.20341945170235,46.805075046820306,20.724329793486586,4.250456515085316,28.182747699171255,6.507096913921114,9812.258041092493,07bc6d5b
32,9823.543746461448,0.741465602075991,0.471249101839649,24.53357272052874,12.77690129192676,69.04638143964759,37.38098665024881,46.91883104658915,20.852845385646738,4.192793982615127,28.282280164195512,6.322707414913453,1723148323,,False,1,95fd8e7f,2024-08-09_01-48-43,14.417603254318237,14.417603254318237,145347,compute8,192.168.10.11,14.417603254318237,1,0.741465602075991,0.471249101839649,24.53357272052874,12.77690129192676,69.04638143964759,37.38098665024881,46.91883104658915,20.852845385646738,4.192793982615127,28.282280164195512,6.322707414913453,9823.543746461448,95fd8e7f
33,9823.542332720757,0.7414666303654582,0.4712514702146944,24.533573033376452,12.776903572973586,69.04637704824047,37.38098285243398,46.91883150675313,20.852846485533412,4.1927952986394255,28.2822830780821,6.322711925229442,1723148329,,False,1,b2ebeb96,2024-08-09_01-48-49,14.325800895690918,14.325800895690918,146259,compute8,192.168.10.11,14.325800895690918,1,0.7414666303654582,0.4712514702146944,24.533573033376452,12.776903572973586,69.04637704824047,37.38098285243398,46.91883150675313,20.852846485533412,4.1927952986394255,28.2822830780821,6.322711925229442,9823.542332720757,b2ebeb96
34,3.9186485181386637,31.02220555128668,6.928863225137922,13.982573299585889,18.92015702292905,70.23598088067715,21.830421618133933,33.87450610559934,12.733333970128928,7.50512801964986,27.213139841831737,4.527170560777102,1723148332,,False,1,9d94bab4,2024-08-09_01-48-52,14.80021858215332,14.80021858215332,147057,compute8,192.168.10.11,14.80021858215332,1,31.02220555128668,6.928863225137922,13.982573299585889,18.92015702292905,70.23598088067715,21.830421618133933,33.87450610559934,12.733333970128928,7.50512801964986,27.213139841831737,4.527170560777102,3.9186485181386637,9d94bab4
35,2.5407485446665626e-09,39.90808745342228,2.099450608060258,5.18673133536504,13.708215920070163,60.005703939062315,22.595763640590683,14.88117198422879,13.754002826846426,26.670563201002803,16.42180940994243,19.46985106102103,1723148334,,False,1,bd392bec,2024-08-09_01-48-54,13.449646711349487,13.449646711349487,147840,compute8,192.168.10.11,13.449646711349487,1,39.90808745342228,2.099450608060258,5.18673133536504,13.708215920070163,60.005703939062315,22.595763640590683,14.88117198422879,13.754002826846426,26.670563201002803,16.42180940994243,19.46985106102103,2.5407485446665626e-09,bd392bec
36,1.581798094806326e-09,4.780900377162073,9.753437950245015,16.15403526997646,8.879952439024294,35.64741188613239,35.039067528023004,15.333286127249492,13.868557206468326,4.5311132714751885,11.078717429043085,15.0678847596179,1723148341,,False,1,8c57a332,2024-08-09_01-49-01,13.392645120620728,13.392645120620728,148660,compute8,192.168.10.11,13.392645120620728,1,4.780900377162073,9.753437950245015,16.15403526997646,8.879952439024294,35.64741188613239,35.039067528023004,15.333286127249492,13.868557206468326,4.5311132714751885,11.078717429043085,15.0678847596179,1.581798094806326e-09,8c57a332
37,-0.0001607293461786983,27.72843742456076,9.691540316249627,19.447584545650507,18.24008497788695,57.65489710268355,24.347516185459302,32.37207748240554,3.4054359345984087,18.251567864147237,22.85793661863655,8.612652385386866,1723148344,,False,1,d0e81005,2024-08-09_01-49-04,13.443456411361694,13.443456411361694,149553,compute8,192.168.10.11,13.443456411361694,1,27.72843742456076,9.691540316249627,19.447584545650507,18.24008497788695,57.65489710268355,24.347516185459302,32.37207748240554,3.4054359345984087,18.251567864147237,22.85793661863655,8.612652385386866,-0.0001607293461786983,d0e81005
38,-0.0016736790301871641,24.957065020129203,1.9430497750191422,17.42217922458508,12.247374521697328,47.19335068903128,35.57479547753907,40.27798017622132,21.454244555774306,7.7309760353979,24.70036524980455,6.1105069330771835,1723148352,,False,1,53b557bf,2024-08-09_01-49-12,14.823433876037598,14.823433876037598,150373,compute8,192.168.10.11,14.823433876037598,1,24.957065020129203,1.9430497750191422,17.42217922458508,12.247374521697328,47.19335068903128,35.57479547753907,40.27798017622132,21.454244555774306,7.7309760353979,24.70036524980455,6.1105069330771835,-0.0016736790301871641,53b557bf
39,23.555471873473884,22.93084094813323,0.307456862053912,16.441406506029978,31.892319387221978,66.63741459356363,11.59457409717895,49.813736873689685,21.45058626418853,13.461838093509396,41.41775898839231,20.29004241882345,1723148358,,False,1,5f876777,2024-08-09_01-49-18,17.553593397140503,17.553593397140503,151237,compute8,192.168.10.11,17.553593397140503,1,22.93084094813323,0.307456862053912,16.441406506029978,31.892319387221978,66.63741459356363,11.59457409717895,49.813736873689685,21.45058626418853,13.461838093509396,41.41775898839231,20.29004241882345,23.555471873473884,5f876777
40,-0.3356459232427116,40.65149118524783,1.007860845547005,23.340654298199116,25.974690226417877,28.508883012047114,3.1822291092180315,22.60654903522677,17.326282873868763,25.932921651158626,16.77880161942727,23.174184571158776,1723148360,,False,1,fc174c7f,2024-08-09_01-49-20,11.373793840408325,11.373793840408325,152086,compute8,192.168.10.11,11.373793840408325,1,40.65149118524783,1.007860845547005,23.340654298199116,25.974690226417877,28.508883012047114,3.1822291092180315,22.60654903522677,17.326282873868763,25.932921651158626,16.77880161942727,23.174184571158776,-0.3356459232427116,fc174c7f
41,0.0,24.05152631641124,8.548241963738997,26.44241166507411,11.16306954561124,54.46756690721931,5.513402868727859,19.99313642210698,19.466172613653026,20.895604633870043,20.38031067992291,21.567162840998055,1723148376,,False,1,ad1c9858,2024-08-09_01-49-36,15.350492715835571,15.350492715835571,153076,compute8,192.168.10.11,15.350492715835571,1,24.05152631641124,8.548241963738997,26.44241166507411,11.16306954561124,54.46756690721931,5.513402868727859,19.99313642210698,19.466172613653026,20.895604633870043,20.38031067992291,21.567162840998055,0.0,ad1c9858
42,0.7105794548077676,4.315436344705254,3.141985885896048,5.365240047622015,29.88527326609824,35.84149591125168,23.995070672071623,21.919703242408332,14.810088417170995,5.899950805415159,16.81245852170291,3.9833020027516146,1723148380,,False,1,f33376ac,2024-08-09_01-49-40,11.501950979232788,11.501950979232788,153945,compute8,192.168.10.11,11.501950979232788,1,4.315436344705254,3.141985885896048,5.365240047622015,29.88527326609824,35.84149591125168,23.995070672071623,21.919703242408332,14.810088417170995,5.899950805415159,16.81245852170291,3.9833020027516146,0.7105794548077676,f33376ac
43,10.964224408779808,0.6033794388222213,5.208819550270988,17.944055238851014,22.311593148029502,58.33404315014113,19.08938610209075,38.081163565615874,16.924688336309504,12.677869919029481,37.30714092311793,28.063590692139623,1723148396,,False,1,3bc11128,2024-08-09_01-49-56,13.633010149002075,13.633010149002075,154759,compute8,192.168.10.11,13.633010149002075,1,0.6033794388222213,5.208819550270988,17.944055238851014,22.311593148029502,58.33404315014113,19.08938610209075,38.081163565615874,16.924688336309504,12.677869919029481,37.30714092311793,28.063590692139623,10.964224408779808,3bc11128
44,2.6191079600087335e-06,23.21807949598378,7.5428421418282685,27.236795300369767,25.93816716584816,63.281439917289596,36.55133088174177,47.80290521263767,12.500584401067979,22.10579218017007,13.367886458639417,26.603666639535152,1723148402,,False,1,e48c2190,2024-08-09_01-50-02,13.009294748306274,13.009294748306274,155752,compute8,192.168.10.11,13.009294748306274,1,23.21807949598378,7.5428421418282685,27.236795300369767,25.93816716584816,63.281439917289596,36.55133088174177,47.80290521263767,12.500584401067979,22.10579218017007,13.367886458639417,26.603666639535152,2.6191079600087335e-06,e48c2190
45,-0.4285096296583565,41.462784491811746,0.12328797262149416,6.191394125677042,29.747553404216013,45.52760335245253,16.507666848620033,19.806932923374337,5.5122759292528105,25.31929259693352,9.057777854140891,17.728886937490103,1723148412,,False,1,aec43fa9,2024-08-09_01-50-12,14.58289623260498,14.58289623260498,156546,compute8,192.168.10.11,14.58289623260498,1,41.462784491811746,0.12328797262149416,6.191394125677042,29.747553404216013,45.52760335245253,16.507666848620033,19.806932923374337,5.5122759292528105,25.31929259693352,9.057777854140891,17.728886937490103,-0.4285096296583565,aec43fa9
46,0.0,32.587052899261465,1.0341688417381634,21.343276489248836,31.65659558722526,58.471792222278935,15.891642364998226,19.783364703104425,26.722729448683097,12.438786437784225,22.972769870903846,9.01295470432507,1723148413,,False,1,b57a5c1e,2024-08-09_01-50-13,12.887672901153564,12.887672901153564,157581,compute8,192.168.10.11,12.887672901153564,1,32.587052899261465,1.0341688417381634,21.343276489248836,31.65659558722526,58.471792222278935,15.891642364998226,19.783364703104425,26.722729448683097,12.438786437784225,22.972769870903846,9.01295470432507,0.0,b57a5c1e
47,13.394196055919489,36.88707522108895,7.060185878531194,19.982060038906447,11.891079848270904,71.88518376787212,10.085330539392704,41.86687166501406,20.547570541212984,3.619243431953435,28.579188451236952,24.876220289956386,1723148429,,False,1,720eff36,2024-08-09_01-50-29,12.761185884475708,12.761185884475708,158489,compute8,192.168.10.11,12.761185884475708,1,36.88707522108895,7.060185878531194,19.982060038906447,11.891079848270904,71.88518376787212,10.085330539392704,41.86687166501406,20.547570541212984,3.619243431953435,28.579188451236952,24.876220289956386,13.394196055919489,720eff36
48,0.0003004223426525918,15.27294118437067,9.270928505996727,17.404772193409098,28.160360335518156,68.28478725980273,37.8226301187513,42.87502979092952,12.17915706350428,13.480905528425604,23.871274869801177,10.910118112841108,1723148434,,False,1,0c291f7a,2024-08-09_01-50-34,15.465201616287231,15.465201616287231,159271,compute8,192.168.10.11,15.465201616287231,1,15.27294118437067,9.270928505996727,17.404772193409098,28.160360335518156,68.28478725980273,37.8226301187513,42.87502979092952,12.17915706350428,13.480905528425604,23.871274869801177,10.910118112841108,0.0003004223426525918,0c291f7a
49,-0.16689134346901524,25.93394013390095,5.103200391896902,21.384118952012606,24.293790753302154,44.84706835002337,28.442738460823335,24.14609451923304,19.965811233498343,5.273570290706834,29.544548905531506,27.734807626713664,1723148442,,False,1,bbd0b619,2024-08-09_01-50-42,13.118648529052734,13.118648529052734,160000,compute8,192.168.10.11,13.118648529052734,1,25.93394013390095,5.103200391896902,21.384118952012606,24.293790753302154,44.84706835002337,28.442738460823335,24.14609451923304,19.965811233498343,5.273570290706834,29.544548905531506,27.734807626713664,-0.16689134346901524,bbd0b619
50,-2.4091879462424166,31.003239633112255,8.623464171650996,20.61214218007946,28.626851668084157,71.80966216987159,18.54108994979645,38.94493464493391,21.552592472738105,9.966667765310252,12.144013467361207,21.610418580187265,1723148454,,False,1,d25ff94b,2024-08-09_01-50-54,14.041593313217163,14.041593313217163,160982,compute8,192.168.10.11,14.041593313217163,1,31.003239633112255,8.623464171650996,20.61214218007946,28.626851668084157,71.80966216987159,18.54108994979645,38.94493464493391,21.552592472738105,9.966667765310252,12.144013467361207,21.610418580187265,-2.4091879462424166,d25ff94b
51,0.0,23.617930029701157,6.906525105358387,24.882475676138217,31.55240576008095,41.98486007027065,16.693784825109454,18.789441832241632,21.496248828398222,23.155046518614338,33.094807485289444,25.057657560574146,1723148469,,False,1,cfbeeac3,2024-08-09_01-51-09,18.08903694152832,18.08903694152832,161839,compute8,192.168.10.11,18.08903694152832,1,23.617930029701157,6.906525105358387,24.882475676138217,31.55240576008095,41.98486007027065,16.693784825109454,18.789441832241632,21.496248828398222,23.155046518614338,33.094807485289444,25.057657560574146,0.0,cfbeeac3
52,50.792725120219984,12.107274879780466,2.118280297590911,17.381742896100473,15.713217096608625,38.29935029841505,3.33886892669873,20.54378952622519,18.08912199643374,24.433681649629424,35.06848018894782,7.1095898584863475,1723148476,,False,1,f65be4f9,2024-08-09_01-51-16,14.693538665771484,14.693538665771484,162632,compute8,192.168.10.11,14.693538665771484,1,12.107274879780466,2.118280297590911,17.381742896100473,15.713217096608625,38.29935029841505,3.33886892669873,20.54378952622519,18.08912199643374,24.433681649629424,35.06848018894782,7.1095898584863475,50.792725120219984,f65be4f9
53,43.184855131476496,34.37734482287912,5.408128804955684,7.159337589934795,16.44978277176645,32.843513475040645,10.137832178074516,38.705354489660465,10.781192396360224,2.8179246489774665,26.923282261006314,27.187840775301282,1723148509,,False,1,4b61d513,2024-08-09_01-51-49,13.443432331085205,13.443432331085205,163378,compute8,192.168.10.11,13.443432331085205,1,34.37734482287912,5.408128804955684,7.159337589934795,16.44978277176645,32.843513475040645,10.137832178074516,38.705354489660465,10.781192396360224,2.8179246489774665,26.923282261006314,27.187840775301282,43.184855131476496,4b61d513
54,28.63129175203734,23.315456342112828,0.3385227075776298,9.025964779164257,10.921112718763867,73.82387327131605,5.949292327482623,20.201938373284634,7.19677902321072,5.070828648460791,20.63454715885443,10.89725804441638,1723148536,,False,1,aab53b59,2024-08-09_01-52-16,19.110690593719482,19.110690593719482,164248,compute8,192.168.10.11,19.110690593719482,1,23.315456342112828,0.3385227075776298,9.025964779164257,10.921112718763867,73.82387327131605,5.949292327482623,20.201938373284634,7.19677902321072,5.070828648460791,20.63454715885443,10.89725804441638,28.63129175203734,aab53b59
55,9825.179729519537,0.7402757553312518,0.46855231126226454,24.536345722431847,12.766754558170593,69.0362035413177,37.387557909717884,46.92617563196816,20.86260349160899,4.189653469319201,28.295501720039876,6.313188107538765,1723148539,,False,1,cf6e9faf,2024-08-09_01-52-19,13.257906198501587,13.257906198501587,165107,compute8,192.168.10.11,13.257906198501587,1,0.7402757553312518,0.46855231126226454,24.536345722431847,12.766754558170593,69.0362035413177,37.387557909717884,46.92617563196816,20.86260349160899,4.189653469319201,28.295501720039876,6.313188107538765,9825.179729519537,cf6e9faf
