TSI_13_25_13,TSIs_13_25_13
,
,
,
,
,
,
,
,
,
,
,
,
,
,
,
,
,
,
,
,
,
,
,
,
,
,
,
,
,
,
,
,
,
,
,
,
,
16.23609350850555,
17.382847877450345,
18.56566549083663,
19.70127577517954,
21.02489800747204,
21.95171450478649,
21.325632990700576,
21.331664330859173,
21.1875942244228,
19.64564776031212,
19.561255850660242,
17.285759446946617,
15.575249380611785,19.290407626826457
14.916866543808519,18.66561604353818
12.608588949527412,17.8003264586795
9.832558986956071,16.66207396271901
9.241436746959113,15.601982931896167
8.563288830303735,14.596455203097248
8.316672386088763,13.699343372096036
8.307414489592121,12.92906781745262
9.159818998757236,12.390603700496136
9.524032934748904,11.981093591103674
11.086838219528433,11.853342823735783
14.054859178122387,12.167845160076727
14.979368385084284,12.569491335077807
15.96040174992992,13.053907108628108
17.561303162204467,13.697820830567588
19.41581994982841,14.51467784760485
18.363979355301165,15.064578062990037
18.60869505565045,15.570880490512954
18.291428368879966,15.959530187422526
16.6261779107779,16.054765576473294
17.055737632798703,16.19776158451978
18.155274339563718,16.477406263811773
18.15876783826387,16.717600774447785
17.507558729566828,16.830451910893363
17.261323058486855,16.892004931978146
18.947850036776696,17.18569708980651
22.300854997103297,17.916433933706053
18.669166304805323,18.023967129577375
18.109903212137457,18.036243712800243
17.542564844353365,17.965718160164975
15.336132690332695,17.59006309304608
9.654949428958698,16.456475426747883
4.544426376096089,14.754754133797626
1.2497041298180926,12.825461276086264
-2.790548213488819,10.594602777575538
-6.119940448502526,8.206810888135815
-11.367015354496964,5.410549996331133
-14.883432858878313,2.511409588444069
-16.526347631288356,-0.20827001437484896
-20.758039678751857,-3.143951395000135
-23.385173118423538,-6.035554498346335
-25.169085604160532,-8.76891608489122
-25.540548419457426,-11.164863561257821
-25.569982851876677,-13.222737745631944
-26.17716784769411,-15.073370617355112
-25.565618008074225,-16.572263101743555
-23.713749125676333,-17.59247539087681
-23.11522133207978,-18.38143909676295
-19.780960719974466,-18.581370757221737
-16.327789130143653,-18.25943052478201
-14.150496890518342,-17.672440005601487
-11.43414725639531,-16.781255327143462
-9.204115571334784,-15.698806790599365
-8.092237865743142,-14.612154087048475
-7.808456855400367,-13.640197339670173
-8.140349440188263,-12.85450478260133
-9.125324057029633,-12.321764678948231
-10.08421245867703,-12.002114361766631
-10.657699651696168,-11.810055117470851
-14.055978630099814,-12.130901333560702
-18.569688417167363,-13.050728059790226
-20.839602781529624,-14.16342444861014
-19.29666609670287,-14.896744684051958
-18.344244348312014,-15.389244636089108
-17.935540850601246,-15.753001238162271
-17.71518189220803,-16.03331276016881
-16.494009756359507,-16.099126616767478
-15.86481865933174,-16.065654051419514
-17.028551290513015,-16.20321079986144
-17.516706968039163,-16.390853109601117
-19.2544393524147,-16.799936858574487
-22.954717253251573,-17.679191200671212
-24.23532662288057,-18.61578197527255
-24.698163473302202,-19.484693617848215
-25.68840695753444,-20.370938380660533
-26.867262079473647,-21.298984623348122
-25.599490212625973,-21.91334256467353
-21.90221283036621,-21.91175260262963
-19.17032670471092,-21.520120331498386
-17.851442370496475,-20.996023479926684
-15.092647209195476,-20.15268401267937
-15.697796467215179,-19.516271506184484
-13.605969769117326,-18.67194268660346
-10.178084934374533,-17.458534436285042
-7.727839157962282,-16.068435110810363
-3.1199988545603277,-14.218658502774643
-1.572243843470996,-12.412027837159837
-1.8142010151563495,-10.898052576873624
-2.5377188308016088,-9.703719184577622
-0.8675469845412833,-8.441408870286716
-1.262725024495596,-7.4158826066022705
-1.2633852368635845,-6.536954410925316
-1.9992813137317236,-5.888715397040517
-3.787545856279496,-5.588548319788943
-5.864460617028018,-5.627964362251668
-4.629098674577418,-5.48526926401249
-4.368300245315488,-5.3257022613414895
-6.342955482410839,-5.471024150065682
-8.259589840853993,-5.869390677321156
-7.528520736354155,-6.106409257183013
-7.63511649049723,-6.32479600479933
-4.7011718146146,-6.092849691915797
-4.301173835930994,-5.8368959982036825
-6.625473968632643,-5.949549993979248
-7.2940102466485595,-6.141615744360578
-5.494679360941465,-6.04919626101499
-4.558800489732389,-5.83628257940319
-5.116176547832974,-5.733410289178874
-3.919140759093297,-5.474228927738078
-0.8233273765309898,-4.8098144204227795
1.3440749215882186,-3.9306873715640656
4.440167249924646,-2.7348509970656782
7.545736292525416,-1.2661956699812362
9.357014449472771,0.2514057756550505
10.194502446015402,1.6718481571351005
11.635348434524266,3.095205339619267
12.538772631932684,4.444286381378326
13.559376668078947,5.746442136621272
14.53359675080815,7.0017499386479685
15.361262075618363,8.195965958215167
17.047267509516516,9.460437608401074
17.76207980322229,10.646386493375534
18.616347982641273,11.784952420413497
19.60637138941112,12.902297987413156
21.63604616698771,14.14997629878095
21.418407336831514,15.18832358993103
20.70100801940868,15.975849936999266
19.865644684304005,16.531534900899942
19.527479296012384,16.959526957344575
17.8787503769094,17.09084458871098
15.40249423555789,16.84965168111768
13.284415066685627,16.340332164770246
13.036730221070158,15.868389029955948
12.52667582810014,15.391001429690832
9.448563710544857,14.542081755527121
6.684097547884264,13.419512583006712
1.4101398278194335,11.703887903694245
-1.446891112250613,9.825205187130694
-3.5365719521844055,7.916379881514251
-7.09709776778616,5.771597360185621
-8.754205691546979,3.6964826385095355
-9.821912440771559,1.7652833414693792
-11.646098314632354,-0.1506283236880112
-12.705191697873214,-1.9441373771430401
-12.492319650876711,-3.451020559104993
-10.0574450205448,-4.394795482167822
-6.794608612347841,-4.737625929336397
-5.298221129642468,-4.81771095795155
-4.266472731730093,-4.738962639919913
-3.0747885317917194,-4.501223481615885
-1.7826223338802154,-4.1128518890822185
0.5814351805938307,-3.442239450557069
4.060571861667233,-2.3704092630964544
6.77515784993047,-1.0638996755211796
9.22765633452086,0.4063226116276832
10.479211284490885,1.8453067077509977
12.509510237915869,3.3687643549174076
13.832447335474088,4.863576209282647
15.48390378708249,6.380765863254053
17.293155327461847,7.939678643855166
16.636261144711067,9.182047572548866
14.995627463645722,10.012558985562702
14.26946392467839,10.620688262579229
14.985185382275771,11.244187851107306
15.966389659592762,11.91878810946237
14.072679519902985,12.226486882382458
11.810391786613021,12.167044725843967
9.844113331371421,11.83519738377646
10.288644463977331,11.614261252376584
10.208606601022316,11.413453445040261
10.496181684795403,11.282414622148139
11.819047846796469,11.359076511383615
13.224281604857987,11.625534381879953
13.870468988523092,11.946239325686117
13.63947197116953,12.188129703612319
-3.13800877155749,9.998681350016632
-13.128177098272339,6.694844428832494
-20.984407195765773,2.740665625318456
-26.848213197414154,-1.4863170636433451
-32.280017185358716,-5.885417081031255
-32.07133775869756,-9.62626289212644
-32.42450388536543,-12.883154462589154
-32.66064075728669,-15.708509647545945
-31.52915014999681,-17.96860114789607
-30.055127219510524,-19.695247729555277
-29.85275362233153,-21.146319999951885
-28.620240892769665,-22.21402298464014
-25.370891864486165,-22.665004253189572
-22.071982664680316,-22.580286883402536
-20.401929692776495,-22.269092999027386
-19.135274249871998,-21.8214046062909
-18.13666921345954,-21.295013835886422
-16.842461043089703,-20.65893486548689
-16.717618600986253,-20.095889684843943
-15.722265199870131,-19.47108618699054
-13.929238812139864,-18.679393704869014
-11.420194491017114,-17.642365245747314
-9.883328854882574,-16.53393147562378
-8.16962655974088,-15.339030773354795
-8.462649753705659,-14.356690627690632
-8.77473300232094,-13.559268109780676
-8.398138257809336,-12.821963845213341
-8.844234972721482,-12.25371686342879
-9.284521596931176,-11.829546111071988
-9.998220758965065,-11.567928203628142
-9.751310179813174,-11.308411343083147
-9.659447235181126,-11.072845041954286
-8.309409188354778,-10.67806849144007
-7.520027602561139,-10.226919793028795
-7.448583004100009,-9.830014537467541
-6.166922182751771,-9.306715629651002
-5.093933001930249,-8.704889539976609
-3.35091908645303,-7.940036618044669
-2.269593057516105,-7.129973252254874
2.124812045522546,-5.8078610668581
6.713547133451098,-4.019088466813929
9.886038344221676,-2.032641779523128
12.26434559288737,0.009784987964085777
13.74712759744828,1.9722625036046848
16.070909956180344,3.9863549968297787
18.762486918278206,6.0972309856081255
23.058095715040253,8.520211661241287
24.685695249801395,10.829566459607017
25.921670872192276,12.985581375690625
25.72589051898783,14.805625539018797
24.278787012788392,16.158934320985882
23.11084152333892,17.15206392132203
18.37029127272841,17.326096400094368
15.27787512218186,17.03349336039258
13.884772263354176,16.583676060815666
14.777342194740053,16.325628365662006
13.173506802433264,15.875325285200757
11.380394476095958,15.2331923124715
11.25480669591292,14.664851510105988
12.199824081835139,14.312704734638723
15.91463420821966,14.541551802293142
19.41580764040496,15.237874064880545
24.363243699254298,16.54149829836251
27.39107128147163,18.091437295949525
32.07796045907483,20.089512033538856
36.12666647348353,22.380534096388097
39.94426022583224,24.88963782916583
43.30326806870569,27.520156434814382
45.69727905153392,30.116888237202886
48.30170105433108,32.714718639649774
50.88028937033139,35.30980017260429
52.80118214229402,37.80856902541711
49.81016488438434,39.52308271955528
48.29698402738885,40.77649719210294
47.75379481446708,41.773253995297814
49.62189155463918,42.89448793234658
49.54861351653811,43.845077301516795
49.91013193623709,44.71151367790541
47.19096967835528,45.06572167796968
41.81724454242172,44.60165351574854
36.198295115586525,43.40117374429682
31.887334016561386,41.75633949747747
30.798038980369945,40.190867995033535
28.228775794598103,38.481997680685616
22.789252640558207,36.24017696066741
19.678430635493115,33.87421319992823
18.88863567931279,31.73341641126888
19.302338785593285,29.95754817902951
19.68623068274127,28.49021710813119
20.148905314161887,27.298601137564148
19.23789572280141,26.147071792598044
18.55206396714262,25.06207067467584
17.36195422920883,23.962054039609125
16.223872602191747,22.8565995485495
15.744625528297895,21.840603259942128
15.573554769475422,20.945310618446886
13.565937676094324,19.891114483825092
11.944555729003772,18.755891804564904
11.071018609597854,17.658052776712466
11.035990832740039,16.71204392757355
10.694331235373584,15.852370685830698
10.500798506265005,15.08786037446417
10.047777164793423,14.36784848736835
8.980707783868015,13.598256958296874
8.62202813811026,12.887367126841644
7.994169432592664,12.188338884806075
7.8869698574594675,11.573857595185132
8.317674821408296,11.108688627502726
7.835745985733024,10.641125392964197
6.640911883993376,10.069666320254079
5.680505250327481,9.442643310264565
5.2278464323945055,8.840529470568843
3.3763151179677307,8.059927420197255
4.600688555587177,7.5657504395386725
4.084509131883613,7.068430252730807
0.66245621373006,6.153291104302129
0.06434391272617117,5.2834415055055635
-0.32133319998149573,4.482759404721698
0.6349924408201169,3.9330784098786147
0.682516570550978,3.4687124328318095
0.9222386106107453,3.1049304582288
1.6683978881685753,2.899711519648768
1.7186472626477813,2.730988054362913
2.0536737539402887,2.6342288685882522
0.6540643209390674,2.351348218924083
1.2054902110467651,2.187654217798752
2.3502736917211777,2.2108855712162416
3.0327493496691584,2.328294682423801
8.502537514444786,3.210329372712513
15.000456469087245,4.894633243623189
19.770445692587604,7.0197493077609625
22.952859742833574,9.295907941342763
26.42209410014416,11.742505964028677
25.234041356772305,13.669868162992053
25.2761305961986,15.32790565345013
23.238064086763693,16.45792828678064
20.647893240089203,17.056494708681864
16.328662016288202,16.952518609768482
13.759148135793687,16.496322827772083
11.583498194384891,15.794490737288198
11.007311119572444,15.110607934757375
10.172365391324702,14.405144714266994
9.802674723958068,13.747649001365719
10.518205219519137,13.28629988967335
10.285094445782766,12.857556254831838
10.451546869262172,12.513840628321885
9.454396988645586,12.076777251225272
9.14167501100624,11.657476931193981
9.405549744843983,11.335773047429695
10.462024614711671,11.210951842755692
18.662224846082424,12.275419414659511
23.006444312841484,13.808422971542651
25.57585660094012,15.489484918599432
27.87995298345984,17.25955178500806
27.67956541061199,18.748125160094336
28.976399626221042,20.209307226683865
28.213098996716486,21.35270605097424
26.120695219723302,22.033847360795537
25.585348853714827,22.541204716926863
25.60662745527207,22.97912225097618
26.02505062926118,23.414254876445465
27.125464111692338,23.944427624337877
28.442673875282598,24.587034231615693
28.512036258476222,25.147748806881484
28.54459840015496,25.63301303449198
29.331051403600508,26.161304230078912
29.305259624183087,26.610440714950936
28.16663962030395,26.83275484428708
27.807772354342237,26.972043060009245
26.490527882689065,26.903255177534934
25.91654456243522,26.762296518234976
25.65602420003213,26.60425761563457
25.60101662682892,26.46093747437662
25.838980418227646,26.372086466355338
25.316455011199487,26.221281972761645
25.06830942395272,26.056571608646085
24.633930943171933,25.853337227864063
24.392330838999758,25.644622029454876
23.244688792031457,25.30177442410867
20.83178867150529,24.663205030879617
19.548722672310046,23.932564693941107
17.929555633421046,23.07499197100967
17.23239201576707,22.24033483454644
17.77823230896429,21.602891616606133
18.40812495197243,21.146496378801316
18.232214478480095,20.730170393041142
18.978359416514756,20.479911682108803
17.8465051660687,20.10371075124593
15.690433595520531,19.4732425861423
13.525744753970347,18.623600038689165
12.960154660184056,17.814536413188435
13.265432815955446,17.164664470726578
14.028176090659203,16.716594702145525
14.903125703847815,16.45752770238871
16.410652244891747,16.45083120846057
18.307791520209342,16.71611125299611
18.907208906367984,17.029125203477808
19.805287786475905,17.425719858191822
19.96035585966204,17.787810715544712
17.6455371485799,17.767485920264026
16.634794068296614,17.605672798554394
14.377770977132732,17.14454396692273
13.644377030685247,16.644520118888803
13.684487804904396,16.221658359748172
14.237736570214507,15.938240961243363
14.75012007817648,15.768509406519522
15.18771314844233,15.685538512508494
15.189368536564366,15.614657087373619
15.160224123159184,15.549738092485843
13.569271151179649,15.266814243727815
11.66028833619042,14.75159625693676
9.886774335813087,14.056621696776235
6.044663994810411,12.912056310781118
6.618590741572598,12.012989800894186
4.830998386656668,10.986991027431683
6.866078690885329,10.398289265067918
4.989068074290348,9.625543380671122
5.186429422141388,8.991384243738302
4.781616030809413,8.38998878474846
3.591178078352626,7.704444398120485
2.8529799289068314,7.011378045375677
1.8830326170379483,6.2787572698988585
-0.027945207706493058,5.377799773098094
-2.225132332084598,4.291666615214853
-4.466604826642499,3.0404849806638024
-5.1579194224383045,1.8692843516492157
47.87405361708995,8.441394246712177
53.03597519692437,14.81204866817106
46.31820780434089,19.31292854476675
47.13405627775368,23.28737536376488
48.29514020616121,26.859913198392928
46.15689944485019,29.616625519315395
46.52385678329657,32.0319442713127
50.4697549622035,34.665917227154246
47.4494602197891,36.49213765467351
43.664890663136596,37.51681665588252
41.388075743907486,38.06985366845752
36.693015438913925,37.87316249280843
33.82070975095423,37.294240672543545
32.0009219156256,36.538052278698125
28.785299336759728,35.430516144135495
25.951327292152857,34.07634630813798
26.619954402067105,33.01114746441357
23.919137597118635,31.712288911942863
21.483257229434034,30.25099867158446
20.172437309959545,28.811204191352328
10.771741440625124,26.234138084105584
3.9740086275980078,23.054119590318788
-1.0832809667142533,19.605919510742638
-5.014581816720079,16.08870503539082
-8.004634501387411,12.646799387279644
-10.471787351009516,9.344144138952622
-12.606340774612567,6.20836057987188
-14.394862188608242,3.2650430415175773
-16.150747286604343,0.49135870892873146
-17.67999346991258,-2.104548745191456
-18.80146527595521,-4.489822535300563
-19.46171405462656,-6.6286641809185625
-19.97830963385621,-8.535756388481083
-20.379773042678433,-10.227758767652134
-20.326095147818418,-11.670378250533032
-20.291926162329364,-12.902027952218223
-20.27763749767572,-13.955686458712151
-20.237197815466576,-14.853045223962782
-20.288010825129636,-15.629468881272333
-20.13444114541753,-16.27303634757879
-20.01699271650982,-16.807887257426078
-19.458066601093076,-17.186484306521365
-19.116251073795464,-17.462165273274806
-18.623289618969952,-17.628040179802685
-17.819264473239926,-17.655357936008006
-16.507980441794466,-17.491446865406072
-15.766230616903066,-17.244987401334214
-15.250486364275096,-16.96005868175434
-14.87257685752692,-16.661846992578994
-14.474624405455451,-16.349386622989915
-13.494049739386181,-15.941481353903667
-12.736587416790325,-15.483639362887475
-11.860543351170117,-14.966054218356424
-10.670067063404057,-14.352341767648943
-9.922109639115764,-13.719451463572774
-9.090415819347951,-13.058160657254943
-8.059140067492244,-12.344014858717415
-7.335935212607722,-11.628574909273173
-6.298966479821921,-10.867202276494423
-6.046145876439159,-10.178479933629385
-5.4473576532687025,-9.502605322149288
-4.49640591077937,-8.78743397766787
-3.209310314813207,-7.990559168688633
-2.6136527957742977,-7.222429686843728
-1.8375794436006665,-6.453165366380433
-1.0949211851433867,-5.687701911917998
-0.6755951033507919,-4.971686653551254
0.04226873151665486,-4.255407312827267
1.1541083422686929,-3.482619362099273
1.7518122082977772,-2.7348434234711227
2.448304111611248,-1.9943937756022125
1.2485412562514364,-1.5311173424802627
0.2742881160100958,-1.27320227698164
-0.12375424647888418,-1.1089954154812462
0.26162404523781246,-0.9131926353785236
1.085689020450518,-0.6276381131172319
2.3631079445184278,-0.20038867631213775
3.018528448204215,0.2594566271901983
4.078044679967783,0.8049692061584246
4.313106132590557,1.3061316242201577
4.066554167252292,1.7004777017961767
4.505225286439634,2.1011559281738132
7.140537588517875,2.8210675939372503
9.38568806431917,3.7588705182775244
9.573672163171867,4.589556467548145
8.858471503333877,5.1994014726603925
7.783390926503619,5.568542823209425
4.5067145142102065,5.416853064780965
2.7162882761487497,5.031058094976363
-1.8164947730056527,4.052836256693218
-4.695180378320118,2.8031195945484555
-10.60814451672828,0.8872247215089218
-12.981554159508905,-1.0940294043507675
-13.133021811887442,-2.8138854625702923
-13.890049037565207,-4.396194544712423
-16.851579226702114,-6.175535213568093
-22.317346222802342,-8.48150821488727
-25.249849031673435,-10.876985474428151
-24.547428850011773,-12.829905956654382
-25.268661987918275,-14.606871103977795
-23.685970291183946,-15.903885273578673
-21.483108526449968,-16.700917166846
-21.41071838814638,-17.373745912746056
-22.321466036844853,-18.0805630733316
-22.15192182485014,-18.662185752119964
-22.75290845233295,-19.24657470929325
-20.471514111989798,-19.421566052535614
-17.976424822327314,-19.215117305362998
-13.221098268307925,-18.358828871497987
-9.78053715066986,-17.133358625665398
-6.581814964922564,-15.62599524555928
-4.305086454870269,-14.008722561175135
-3.264795983328249,-12.473875907197009
-4.181603923046251,-11.2892656237469
-4.268914413624111,-10.286358308015073
-5.300578707478172,-9.574104079366943
-5.579551267604402,-9.003453677686581
-6.040743929494777,-8.580209427944895
-5.863612595202583,-8.192124166124565
-5.70290259849613,-7.836521085034788
-4.388771201798323,-7.343985387429579
-2.032751517162166,-6.585237691677092
-0.27835767204426265,-5.684254831729545
2.592669087157128,-4.501837129031449
2.475135063070746,-3.5051268158739926
3.0328794801924506,-2.5711259164359292
3.9697924184123936,-1.6367090114575975
4.843607724247326,-0.7109494777854657
6.83659837956859,0.3672716446936851
10.393178662054819,1.7995440757452754
14.215103843553024,3.573195471146382
15.735635500099187,5.3106869038539255
16.0746058319557,6.848389607868465
17.201885328872027,8.327460425154689
17.78245943506585,9.678174569427712
18.271736661156893,10.905826296817596
18.140347160253743,11.939329277308474
18.575097985591096,12.887296235634564
18.47082013843505,13.684942507463205
18.170952968394843,14.325801144739154
17.141283926666457,14.728012970728768
16.731034288886956,15.014158873322796
16.43627796354663,15.217318743354772
14.556140850851946,15.122864758711511
12.49660458652343,14.747684734113214
12.057295367187425,14.363343395980959
13.35975591524265,14.219973755875486
14.400500873480368,14.245763344104756
14.321237811031066,14.256545410808513
14.539768008980392,14.297005781975924
13.667029351489061,14.20700914904923
9.42563920677603,13.523956300153058
5.387863880549484,12.361657383066833
-3.3551241193283454,10.116402882724664
-6.26586640913721,7.7760786981729675
-7.353349408196798,5.61473182583443
-7.003038690930486,3.812193180582299
-5.101267456281577,2.538841661030317
-3.3327456555899655,1.700043472941705
-0.8664108304636178,1.3334071438838018
-1.3299130291904915,0.952932833444617
-1.4277175314100512,0.6128399241796644
-2.3083826581951152,0.19552241241183874
-1.6857912337017895,-0.07323667989010813
-1.7889602068105128,-0.31834004087873735
2.3495162761554775,0.06278229012615047
7.193870535438936,1.0815091823136913
11.471244252313506,2.5657570494565216
15.137357519449026,4.361699973741165
18.5371347150372,6.386762079640598
20.855167301691914,8.453677111362214
23.532098716732477,10.607737340700824
24.86640439594256,12.64468977716393
25.338008280681457,14.458020991952148
25.869622139776286,16.088249727355596
28.166247372213896,17.81367796233535
29.99531365026298,19.5539116320393
31.405287660580044,21.246965350402263
32.67409398207835,22.87941229778456
34.347562396313165,24.51771945471722
35.96397925294786,26.152899425893025
37.54214576491318,27.77993461718162
33.15229817136525,28.54741512492214
29.018460508062812,28.614707322513663
24.72680399259047,28.059292561096065
19.423400778597735,26.825593735024874
16.807578670700845,25.394448725835726
12.996814581604644,23.623358133802714
7.686869958297194,21.346716965873355
4.381165253378897,18.92306672123129
0.8181419589789564,16.336648898052385
1.2685873176661082,14.184068672282917
1.8365790362884353,12.420141581426563
2.6255817657707756,11.020918750618593
3.2905200539551513,9.916576079666672
2.8833553958822296,8.911830267697466
0.8161550017805688,7.755305229709338
-0.34023541649279965,6.598799423109033
-0.848362760046571,5.5349191112296605
0.43898280852923705,4.8069282108438856
2.0669638832984196,4.415504735480248
2.910487431230628,4.200502263444588
4.448641945123107,4.235950789398662
5.266931694246694,4.3832337758055235
5.062602285815025,4.480286420092595
4.705478704124217,4.512456746382827
5.231007363544629,4.615106834548799
6.9348455077766955,4.946498073581355
7.6339339368714505,5.3304174826227975
7.540570030167702,5.646153560843498
8.746865729068332,6.089112442018474
8.864859119527086,6.485647681662562
7.901564912139626,6.687921571730714
9.640408049946862,7.109705354333021
11.803267120947991,7.780214178135159
12.738964825474557,8.488607127755072
12.849184310454708,9.111546725283592
10.990922314355574,9.380028952293875
10.273349273519484,9.507646141040391
9.241004776480226,9.469554517531796
7.064774324377617,9.126014489938342
3.0525597636549855,8.25837810046929
1.4728510385957443,7.289017091630212
2.242916041502218,6.568145513040498
0.7401449109954527,5.735573998462635
-5.73983247883818,4.09623021599109
-10.977766058960626,1.9428021767122738
-15.232647209242575,-0.5108334498527044
-19.418338843324086,-3.2119056489200446
-23.806488148706535,-6.1539888631752575
-28.411066944402457,-9.333571446207714
-28.2743264131346,-12.039393584340125
-32.86766362564616,-15.01486073309813
-35.5794816809425,-17.952663725647326
-38.16427442159362,-20.840036682211082
-41.91991730667408,-23.85144819999151
-44.05248052147981,-26.737309960204122
-45.93240904197645,-29.479466971885884
-47.310654393931884,-32.0267794607496
-48.57411444376624,-34.390684458323406
-47.82911021711219,-36.3104595667218
-42.40777298506632,-37.18150434077102
-36.590050680874526,-37.09701096078581
-33.781642164991254,-36.623386847100875
-32.84216518866595,-36.08321232446731
-32.52581046751309,-35.57501205918814
-30.565238504084668,-34.85933012274479
-29.468627039156924,-34.08922968223224
-30.170691722267737,-33.52943854509445
-32.3824655811152,-33.36558526452598
-32.160093587336824,-33.19337216778467
-27.472085860725798,-32.376045552490545
-23.36193214356185,-31.088315065500733
-22.32324324875518,-29.8361619488228
-24.24140480384156,-29.036910928111194
-26.338311844099476,-28.651396773252376
-27.701368305304374,-28.515678420688374
-28.669410548535613,-28.53764015323798
-30.048988423075063,-28.753547048928993
-31.72205605007363,-29.177619763378228
-31.600541025337048,-29.523751372229487
-31.91408696756103,-29.865227885848277
-30.792787952224927,-29.99773646675923
-29.41670587765703,-29.914732096887487
-28.818934463399184,-29.75818957781773
-28.40826304329635,-29.56534293002896
-29.0519904324338,-29.492006858943938
-29.59426045658321,-29.506614515749547
-27.680229910248322,-29.245702429249373
-26.249140452337144,-28.81762214683334
-25.831416069418168,-28.39102127863117
-24.675982524680965,-27.860301456638286
-24.213415680017306,-27.33931777426386
-22.504249664583124,-26.648593758595183
-20.892424505881824,-25.82628386535042
-17.417045177364997,-24.624964052781074
-15.28857993382814,-23.291194892930655
-13.186111986812683,-21.847611620628086
-10.49404731060549,-20.22567386205343
-7.706364955937544,-18.437201161179733
-5.158789302773777,-16.54028518140745
-3.6137425968882906,-14.693636240761856
-2.0107539637850196,-12.88179591547945
-1.9539112331445534,-11.32066953228875
-1.3968121926227979,-9.902975626622187
-0.8140600414247993,-8.604559114451131
0.7564919323090418,-7.267266107771107
1.658584929167543,-5.992144531065586
2.0145282566323015,-4.84833413282303
0.4610154639982306,-4.089855618991422
0.6994834429815354,-3.4056643244238565
0.23602966578860585,-2.885422325822076
1.2622088204785018,-2.2929035906362794
1.613098517122552,-1.7349032895278749
1.9828093497748231,-1.2038014839132039
2.2646210390066313,-0.7083125520675132
2.6567949091863436,-0.22758291474553366
3.73062008825371,0.3378746571115011
7.344537776057979,1.338826531246712
11.795754313754845,2.8326733573193024
17.31859060786757,4.902090107397626
22.819418962461164,7.461708515263846
29.22989189778819,10.571448998481609
33.13706234260908,13.795108047642676
36.07133135210466,16.977425662565818
35.83257828062251,19.671018893716774
34.95393835159647,21.854293101985302
34.80865340578171,23.704916002527646
35.92575790957241,25.450750560676898
36.28570001766199,26.99860048310334
38.26248672949143,28.607727089730208
39.90025014014035,30.22094466836023
43.21180516537434,32.076781882219386
46.51031952064692,34.13871583056618
49.818188808037505,36.37864054163351
53.39379245524518,38.80937652929232
56.01034147230181,41.26665723543653
58.100392479271,43.67147655598431
60.83628455897246,46.12359198498262
62.652851002815254,48.48491470181585
65.5696137970677,50.925586001137546
63.98008424533707,52.790514321737476
61.540307770170514,54.040484814370764
57.882208684786455,54.589302510144435
54.66486973585747,54.60009782810344
53.10455348554299,54.38644863630909
51.62141217902697,53.99144342812593
49.227959316773074,53.31094569793267
47.335324951904774,52.457285591357255
46.10184009666058,51.54936480640059
45.13933713721469,50.63364656794546
44.51320287926966,49.75929746956321
44.4493604131997,49.00073503293985
44.65807513430622,48.380355047420764
40.71302196225871,47.28502174954047
36.227072101902976,45.70531465702083
31.907726057315386,43.734230571348625
27.565747935007245,41.42444733758557
24.911876878236008,39.06550870053563
22.709059010692034,36.72887303055798
21.61625797707596,34.569928022917686
19.964566728499936,32.48344783800086
19.81420956812202,30.6735566565896
19.72000206247549,29.108763143144728
18.38350849084838,27.576583907102393
17.703170675788176,26.166096302628933
18.304420781988167,25.042999799680253
17.819469426257108,24.01106688919123
17.7972952919469,23.12338523244204
17.84340176376973,22.36910187977457
17.923360429503536,21.73399595830728
17.960099971460327,21.194867960186286
14.7312143312257,20.271488870334775
12.64186333225029,19.181542364894135
10.900551658934527,17.99854369261419
10.1656877726604,16.879564275477936
8.780546715269587,15.722561766876742
7.285580515487134,14.517278730963941
8.051107858501586,13.59354003489789
9.31319854327296,12.982062678951472
10.1220909764642,12.573495292881862
11.38412210335612,12.403584837235327
12.879335800896657,12.471549260615516
12.90394136030752,12.533319560571517
14.30646854435474,12.786626558254834
14.115849387295729,12.976515533832105
14.01351988153923,13.12465901207598
13.388340415991054,13.162327784063848
12.330102731237528,13.043438490802945
11.672502285547562,12.847590461480747
7.190321926959682,12.039409242263453
3.8200098795133957,10.865209333299159
3.0073244053051873,9.742654343585734
2.22682218237156,8.668964034840853
0.06835312563857188,7.440305333526242
-1.1335927789183102,6.215462746034163
-2.0162531038672054,5.039503338905396
-2.8914895948161816,3.9065043483737423
-2.159675266182467,3.039907260579998
-5.066453495587797,1.8818557239845985
-8.756456938230539,0.3620967722395791
-8.39839750338105,-0.8894024099919391
-7.97072021144281,-1.9010192387706348
-7.057284512491865,-2.6376285635879535
-8.002607277875072,-3.404054094200399
-5.566053224242119,-3.7129111127777876
-3.5607579772981954,-3.6911749505664173
-4.720686796697248,-3.8382480714422504
-4.1449256520086815,-3.882059154380312
-2.815123822014812,-3.7296398211852404
-5.099934764873472,-3.925396241712131
-5.452958856233829,-4.143619472358088
-7.110675676199086,-4.567484644335373
-9.004732934796914,-5.20137725725845
-9.461299322394757,-5.809937552277923
-11.92838348752023,-6.684001257312538
19.432933337856703,-2.9530106008597894
17.08785617184548,-0.09002963333046503
23.951578755666212,3.3444858508119175
17.692673681411208,5.394226969468959
17.222063387101812,7.083917886273652
15.285068804395427,8.255510874576762
8.834519935865387,8.338226454760852
5.221528109176773,7.892983833963126
3.0540416380445765,7.201706377403333
3.4810035854902184,6.670177407130031
3.0763199829724917,6.156769203678953
5.942520967681845,6.126162312822224
6.855907715564119,6.230411656071066
4.1041665915542405,5.926662361140091
3.3678115011646343,5.561112238286454
1.3805538160110957,4.963889606532832
0.2725006884524705,4.293691189664209
-0.5650464223744097,3.5995858165158348
-1.4098005409302778,2.883959194023533
-2.184307556152401,2.1599210868555425
-2.4239553604453437,1.5050815943839875
-1.664257257854681,1.0523189012070349
-0.6739610788839281,0.8057074754797544
-4.073100304470332,0.10873493548688502
-6.798830989674984,-0.8780601966790963
-9.587024223136572,-2.12219791474445
-10.020288446627452,-3.2504965621563073
-10.665346136794179,-4.309760787104575
-9.837847336756994,-5.099487437054921
-9.342128724258446,-5.705579049512568
-8.2813543733763,-6.073546952921673
-7.890247381628712,-6.3330755855941065
-7.4541154278403905,-6.493224134486433
-8.315771074699827,-6.753587983088346
-8.395953003392025,-6.9882115574174435
-7.46650989997469,-7.0565398920684785
-6.37168396270318,-6.958703330730579
-5.556600691359687,-6.758402953677594
-4.954969885336758,-6.500769658200332
-4.289358965985751,-6.1848538450268205
-3.4365929376668944,-5.792245143975403
-3.0089424725930667,-5.394630476635069
-3.2767721919770656,-5.092079293112497
-4.193332940393475,-4.96368695700978
-4.667200805371435,-4.921331792490016
-4.950335797958809,-4.925475221842701
-4.822470752804165,-4.910760297694339
-5.030093038970337,-4.927807832162339
-5.020704069928825,-4.941078723271836
-5.555938695552588,-5.028915862169087
-5.52762983626874,-5.100160715611894
-5.342638220046283,-5.134800359102521
-5.70474566067864,-5.216221116470538
-5.5476179037967155,-5.263563514659992
-5.755400735116897,-5.333825974725264
-6.488150236997277,-5.498729440764123
-6.3764215915053235,-5.624114033727151
-6.14049503790929,-5.697882748610314
-6.240836653889397,-5.775447592221612
-6.062381954853091,-5.8164382154546805
-6.11981681149424,-5.859778014888903
-5.905435277813983,-5.8663004810210575
-6.465446228163531,-5.9518927306128395
-6.979659295023995,-6.098716525528719
-7.500408416971299,-6.29895822430623
-7.8673629231207,-6.5230160384225835
-9.341297630627297,-6.925627694451828
-9.901120853880029,-7.350698145798714
-10.386702189077502,-7.784413009124255
-10.848256535364104,-8.222104941444233
-11.449310900601612,-8.683134364181
-12.930243116561487,-9.289864185949641
-13.214883026498166,-9.850581163170858
-12.184248481859731,-10.18396220869784
-11.302800176820456,-10.343796204143928
-10.866928149252322,-10.418529339159413
-10.6782779506875,-10.455636283663425
-10.913330186895458,-10.521021126982287
-9.918808710886893,-10.434990781825801
-7.548666440899067,-10.022658733121983
-6.168851904465421,-9.47211490045676
-3.3530810254176346,-8.597967204022599
-0.3542996523198259,-7.420300410922202
3.2153096520596463,-5.900927544781938
5.221482330515032,-4.312011848310942
7.02360969597086,-2.6926373419849705
7.324890678442527,-1.261561910495328
7.72347675124179,0.022015041181403096
7.414142723244029,1.078033281476064
9.77093788716417,2.319876796574365
11.945519691132299,3.69496863865407
13.379779185907596,5.078513002547431
14.65322092063932,6.446328419417701
16.4810337190041,7.879857747930044
16.13963768697678,9.059826310651006
15.92849774683225,10.041065087248327
17.00059450195421,11.035283575063454
16.841297501697543,11.864714136011182
15.061623578025353,12.32141548487035
12.392963651245259,12.331636651495337
10.643182539841057,12.090428921259011
6.8019571069680484,11.334932947788873
2.793217601326667,10.114687898294273
-0.22397990006703616,8.637735355671229
-0.9902784989834343,7.262304805006277
-1.5114631658641988,6.008909380596209
-2.6893841406422574,4.7662960204192855
-4.6076856956579295,3.4271557752653976
-6.529166046017093,2.004824086510756
-11.08076496829577,0.1354542215383953
-14.52117816718103,-1.9583504054215226
-12.079324417196647,-3.4042038356751116
-10.4136899311643,-4.4055589921735665
-8.244037950817312,-4.953913129122673
-5.980044215629701,-5.100503284337963
-5.136302542686748,-5.105617464102075
-2.5977656085324483,-4.747352913306414
-2.143139169760965,-4.375322378514207
-0.5299397681579852,-3.8259820056061753
1.1099648490481846,-3.1208467406555527
-1.345776641815094,-2.8672652979640585
-3.4694678697092587,-2.953294236784801
-3.447926838176113,-3.02395603698356
-4.749410955666195,-3.270449596795365
-5.887296159586334,-3.6442848200512175
-5.517071481843039,-3.911825771735763
-4.830855978415582,-4.043115801261451
-3.034749466108234,-3.8990634676681344
-1.2733147513033707,-3.523956508187454
0.5739990500072826,-2.938534285588206
2.728266792677173,-2.1289912744074377
5.1583659095117005,-1.0879402481332752
6.074841446003087,-0.06468572039950916
6.908125053004976,0.93143010437256
5.863400779559061,1.6359973436849173
7.353046763949555,2.4527186894370083
9.688047647259344,3.4863371119830564
11.943230630537231,4.694464757490795
13.321887231257547,5.9269536823146165
13.132713488612918,6.956347940357231
12.126678819698888,7.694966637406039
9.58753066920765,7.965332927663412
7.597944819710849,7.912848912241617
3.8857321488205234,7.337546517467175
0.2698851789228326,6.32788061196084
-1.5185923603702964,5.20695590162782
-3.7960965756742184,3.920805547727529
-4.211108785137282,2.759103500175413
-3.932725056578401,1.8031279920677254
-3.9255755925438462,0.9847417656946438
-0.509389674524473,0.7712944170919128
2.8734824905011664,1.0716069990075205
8.244106399478168,2.096249770503327
14.196867079247035,3.8249093860381422
19.129427991659345,6.011269186841171
21.719157180860318,8.255253185986763
22.069492172227143,10.228715898306818
24.350166177089378,12.2460659381329
26.64363683484722,14.30286178052066
27.299034943969172,16.15945794672759
25.88866552409093,17.54934474349378
25.404264396354108,18.671476122473827
23.88126610570598,19.415731834364134
19.65463416289571,19.449860738440073
13.941459206620408,18.662946233894406
10.144184943326112,17.445980335241792
6.035669075826548,15.815935869611042
3.403120297580826,14.042676502178155
1.2075225631187616,12.209083082312528
0.8344126419065153,10.584130162254526
1.0252335943512787,9.21857350969692
1.0919059929657369,8.057621007306752
-0.23698019798636866,6.872677977979163
0.690632035212821,5.989528557583971
1.8432419146343666,5.397201894305456
3.08869197489521,5.0674147629611355
4.0196106192572865,4.917728456717729
5.202404120740782,4.958396408721022
6.96417631652489,5.244936395550146
11.077261628139814,6.078125714491526
13.428450459729007,7.128172106668309
15.016224038179027,8.255036668312698
14.333799542278888,9.123431364593582
14.699648662070157,9.920033835661664
16.593928148938566,10.873447308986936
16.67666086638791,11.702477817187075
17.45669641446823,12.524509045370097
16.374468341578535,13.074503230542732
16.19661266194121,13.520518863599657
15.347962492097244,13.781582239099311
15.547299646004554,14.033827582942918
14.596480477830097,14.1142065679268
12.019129679963056,13.814909869646264
8.276087628371966,13.023649549464222
7.371647579797796,12.216220696654734
9.884381157227226,11.883100762450804
11.12438022578805,11.774712114356124
11.216212061665697,11.694926392543206
10.99966284819483,11.595603029064867
11.598566739059656,11.59602641620698
10.229662969147984,11.400831638055696
7.896037914197402,10.900146820361654
6.934581999710787,10.333637560268672
3.366204358893159,9.33828996007217
-5.393927871670156,7.23368741268041
-15.900183993831126,3.928848640321619
-25.23959358739505,-0.2380716779236188
-29.51506543629548,-4.420499357691027
-31.645932537826745,-8.309846954853272
-31.925689238896798,-11.683538709716633
-32.63162669176782,-14.676122707152516
-33.596349136085344,-17.379012197000062
-34.378103868032376,-19.80745386429039
-34.165169475717754,-21.8585560944943
-35.90359509741482,-23.864990237768662
-35.43959288503108,-25.518504901663295
-35.300738356839915,-26.915966823831383
-35.10116825830552,-28.085281314470546
-35.596245227311606,-29.158276159162124
-36.30089203523968,-30.17864985574463
-34.798274855955555,-30.838596284346192
-33.15111445657575,-31.168956023236127
-30.76512924080519,-31.11126648288885
-29.151353757737155,-30.83127895072432
-28.351672123082675,-30.47704940391837
-27.00807248376726,-29.981481272468212
-25.161032536354433,-29.29284573873767
-24.420334173737945,-28.596772658023426
-24.906586201513896,-28.06960316423635
-27.803197619034663,-28.031545229207538
-29.191303898897452,-28.19722503916324
-31.957829431329543,-28.73445423804414
-34.81971714581903,-29.60377751058341
-33.39686346961603,-30.145646933302356
-30.233939056674963,-30.158260093784158
-27.53416812797382,-29.78338981295411
-23.76537674326784,-28.923673660141784
-21.115010928843358,-27.808150412813436
-19.056894756004954,-26.557971033269368
-17.922248115700018,-25.32429633075946
-15.56010264765486,-23.929411518887374
-13.490582927403588,-22.438150291532548
-11.315678897339252,-20.84922580664779
-8.422896945903194,-19.07403596939856
-5.892287979300185,-17.190929113670222
-5.200948285266234,-15.47807470961251
-5.215412955029477,-14.011980173243506
-3.9832824232354307,-12.579309066099496
-6.944728024125946,-11.774368917246132
-9.05105891124793,-11.38532463067496
-11.47443767465374,-11.398055065529071
-10.698120853121445,-11.298064463756553
-11.085201209926671,-11.267655427495141
-12.343042353298049,-11.42128213118127
-11.943690138404055,-11.49591184649881
-13.14070200149771,-11.73088186864151
-15.170983598953315,-12.22232497297177
-18.34480229177955,-13.09696458994431
-20.14318526583985,-14.103567543643672
-21.489122444366636,-15.158646815175524
-22.468586251045846,-16.202923877442714
-23.497637371630557,-17.245025805183836
-22.432527988286306,-17.986097545627047
-18.561359946550848,-18.068277888616162
-17.709915466699407,-18.017083256913768
-17.273547241534686,-17.910863826145327
-17.147987886493166,-17.801881549052162
-13.70380899390617,-17.216442612602734
-8.376695171945892,-15.953621549651757
-5.367594177861814,-14.441331925110337
-6.69892955644071,-13.33527444387182
-11.706292983488243,-13.102562806674166
-15.231682513545117,-13.406722764798587
-17.097077061662613,-13.933916235779163
-17.34230741920015,-14.420829261982162
-18.345721103062523,-14.981528096422213
-19.098119165176872,-15.569612534815736
-18.10549376033231,-15.931881281318104
-17.5714502885216,-16.166105425204318
-17.98335530664317,-16.425712551124153
-18.47721513814836,-16.718784349270468
-16.798329331329633,-16.730147918136062
-14.527814930414051,-16.41552891989006
-9.948370796059299,-15.491649187914238
-7.125348963483866,-14.296463441567042
-4.474540957070017,-12.893331658067467
-3.796471242217824,-11.593780170088946
-1.6763912620723012,-10.177010326086569
-0.4445495492269719,-8.786658786535197
0.8336820335252446,-7.41232438366942
1.6932494643940037,-6.11152811966036
2.5905428588825328,-4.868375122725661
3.2454170183341042,-3.7092619597171232
4.536684312259114,-2.5312696351490893
4.368896853981633,-1.545531565273272
4.342889687994945,-0.7043285290920981
4.438216024348817,0.030320692828032632
3.697572247501944,0.5542137720671627
1.055888145573763,0.6258815397109627
0.48280969845228905,0.6054427052454379
0.09282890207920239,0.5322121619359756
1.6258887616405877,0.6884516761794917
1.3031380528387684,0.7762640157022455
1.8623098578352457,0.9314134217212454
1.8738409614714961,1.0660459273998526
2.104490651428392,1.214395173689644
2.453859090744839,1.3914614475546718
4.03063064313058,1.76848561835123
4.912582334836043,2.2176422921347747
5.756458325717096,2.7231874397893923
6.730025638380136,3.295592896730927
8.593835747734582,4.052484732588592
6.4845855444125435,4.3999277057062995
5.528286716307146,4.561121850077849
6.525954298761221,4.841812199889759
7.061517627890342,5.1589129753184135
7.663142157179768,5.516660001298607
5.936279390563292,5.576605628336419
3.5099553823391276,5.281369878908235
3.534610374587245,5.031832806862379
2.4286905955913327,4.6599553481093725
1.6640008818471081,4.231961852929049
0.3254948746325138,3.67389514174383
-3.682316976155739,2.623007696329606
-4.761236797502642,1.568115625782142
-1.108735460216581,1.1857083277823246
1.600965084879071,1.2450307216532883
2.4353840391328596,1.4150811955789413
0.615788619036139,1.3008965417871123
-2.0308012950798013,0.8249397079489819
-2.9741519418952116,0.2822123293998114
0.8112082324927039,0.35778317269879606
5.261268698271933,1.05828110492353
9.764959604323801,2.3020923191235685
13.457075512496413,3.8956613467482604
19.699764517581293,6.153390371152979
24.724883442237708,8.806460809879368
28.39387172943685,11.60466236981615
31.526721796409145,14.450670859329435
34.340306119807195,17.292047325111973
37.49996294008067,20.178892412964643
40.508743235132776,23.08315681613152
42.27079700584579,25.824248271804986
43.99270253082981,28.41974173737996
44.93009058145326,30.778363000819002
46.24094145091881,32.987302779404686
47.64438104525473,35.08117110309755
48.00780642753798,36.927833292303326
48.620631564232454,38.59823304543606
49.207287014731996,40.11381218390691
48.841473403922286,41.360620929623394
48.59629815467203,42.39428910463034
46.78330762405665,43.02129175026267
45.63941818508052,43.39530981237951
45.05573924956522,43.632514017691754
41.824466031880455,43.37422144829014
39.88951423082128,42.87640613150888
38.50965769713665,42.25258492659856
38.261605764363736,41.6824450462793
38.64205604358145,41.2481037601796
39.59050897405959,41.0113045050196
40.653991183985546,40.96025974487188
41.33159278041699,41.01330732137832
44.30523458733083,41.483582645085825
45.69898689263538,42.08578325187862
47.23239680745284,42.82101375981779
48.83628597046869,43.680338361339345
48.381078038013754,44.35187260086426
47.24266328564402,44.76484269868994
46.61449789047602,45.02907915465938
46.208978548372606,45.19763621090412
45.322570084846824,45.21548390718165
44.80487594148184,45.15682562636739
44.61375835186555,45.07924458715284
44.617476418140825,45.01327770586541
45.04175760376375,45.01734626270803
45.603405484315054,45.10106900865189
44.091247212885136,44.95680875211378
43.42792823676041,44.73839724992044
42.393395162000175,44.403396951646116
42.58639172926653,44.14382477702046
41.21852049233192,43.7259241649221
37.34468150447203,42.814318070572085
34.408217985289426,41.61344662981742
33.434341039061714,40.44500297399517
33.03338191871586,39.386199966098125
32.59197652706505,38.41559661766483
31.485261034088786,37.42554867715397
31.06939698939816,36.51752700747457
31.390152038911094,35.78504486910836
31.53505286231972,35.17790315385284
31.258006614357168,34.617917933924886
30.493821964897133,34.028761366920925
30.862013677993584,33.576368839931305
31.4452512740016,33.27192347336992
30.331777475626488,32.851902616549424
29.84829136545056,32.422815294963875
29.94199414738653,32.0684122738814
28.933908134122664,31.62062596820158
27.18630874806817,30.987152079611093
26.993465011729665,30.41662535562803
26.973138475166937,29.924698658419302
26.327572003350376,29.410823421980883
27.04322631745254,29.07259526419112
28.279281036558825,28.959264660243647
29.510094449650804,29.037954630158957
26.528664059897558,28.679484548693043
24.878579531887368,28.136498117720805
22.928093509571998,27.39244031655669
20.2703317104913,26.37499622997592
24.769229920134155,26.145601042855667
26.924468464234796,26.2568678173384
29.439065645394354,26.71146750706068
32.384060819788644,27.52183798030753
34.569580777393966,28.528658379891308
36.624439480496,29.68519853712055
37.96512840085705,30.868045660511477
39.19138889614495,32.0570946941734
38.8227676106737,33.023619396530584
39.796445649516095,33.991166004099945
40.584462288806925,34.9330654733438
38.50383974769652,35.44317608396562
36.30375564024833,35.56611602057743
34.557951034961114,35.422092451203675
32.56969704426273,35.014607393069255
29.798706071097964,34.269478632787646
26.260835868737676,33.12538680935194
23.910426289401624,31.808963877930463
21.491157166693373,30.33499149061088
18.785975516738752,28.685132065772002
16.96673125545045,27.01107480715464
15.373932484864486,25.34862590397033
17.392157553769497,24.211987568227354
21.60862326043142,23.840078381399362
22.822767105154874,23.69474819907872
18.0331940190314,22.885954744786247
15.854176938240956,21.88141505813692
11.616711032198538,20.41502876871715
10.904368638990315,19.056363035899032
5.893065962599329,17.175892025427647
3.825942473751364,15.268756375188177
2.293598996262143,13.41516246391303
3.476049599489151,11.99528919756676
4.733070303267014,10.95782935552394
5.077608105196358,10.117797748334285
5.946056739804883,9.521834747115799
7.646265037857579,9.253896217221767
9.10166798127327,9.232149326371982
11.55083926813878,9.563390746624382
13.745163127469022,10.16078680103076
14.679775965108808,10.806356681613337
14.044772427856925,11.26898750250528
12.319459641338216,11.419054950909985
8.175631978242786,10.955708811957528
4.643441840780144,10.053956387503616
3.2588113922545356,9.083221388182318
3.6552766796343388,8.307800715532608
3.3845381543091695,7.6044774925006875
3.3268667496447195,6.993390243521263
2.4739415768941972,6.347754719717397
2.3445712313703537,5.775871364239248
2.7968895798707556,5.350302537900892
3.647029445327045,5.106977810390342
5.254595734163944,5.128066085215142
4.934239691116424,5.100376600343897
3.9808295798321884,4.9404413116993675
3.472603676472419,4.73075022095266
3.0345377412001295,4.488434152416584
3.111131662275306,4.291676653824973
3.600646643005945,4.1929580808508256
4.177073567525476,4.19068886466149
5.349384078827075,4.356216752399431
7.095009958989245,4.747472924769404
8.064847007833375,5.221383508064258
8.26501153940289,5.656187512541205
6.40305814963362,5.762883317840122
1.6860078941407426,5.180472543025925
1.1216324513685796,4.600638244217732
0.8553639833949743,4.065599064100195
0.5483703871490639,3.563137824535748
0.4000835756192503,3.111272931833391
1.7034829164593068,2.9101600724942362
1.9517528562420967,2.773244755886788
1.4029323376412084,2.577485838994562
1.5340276838581295,2.428420388260786
2.06517322093454,2.3765279357856084
2.480407645405279,2.391367894302704
2.835738395782769,2.454849394514142
0.8502403062401325,2.2256195247607122
-0.36297963304838987,1.8558196450736977
-1.223505254660042,1.4159160879688777
1.7224816437670922,1.4597111673686227
5.476808047198598,2.033582150201476
7.743256448575544,2.8492499071120574
8.838321548700186,3.7048315701960757
10.59216882613421,4.688736892472952
9.15978368177821,5.327457862373703
7.291133326705899,5.607982928706874
6.03276266732023,5.668665748508782
6.03755778963649,5.721364611527026
5.7687875216945255,5.7281393129795255
4.848002795082563,5.602405524708531
5.76189074298919,5.625189127320054
5.683625118510282,5.633537126061515
3.7792617235176276,5.368640639983816
-0.5114315391119858,4.528630328684416
-2.1375709072039393,3.5763158664146513
-7.4775303794415136,1.997194974149485
-13.268964981164205,-0.18368501946675625
-13.740155740716016,-2.1203236939309362
-15.693132908523214,-4.05929643887269
-17.03595566889732,-5.91310490030478
-17.980204812196156,-7.636976316289262
-17.53849185694575,-9.051478536383046
-18.55668391782796,-10.409365019446605
-18.843823989311627,-11.614287729427323
-20.88564855285319,-12.938767847059589
-23.120920254414052,-14.393361048110227
-26.157213999777742,-16.073911469777016
-27.487430241552683,-17.704414151459254
-30.3786158637741,-19.51501439607566
-33.98540271956428,-21.582212728002606
-35.675247280856844,-23.595503378410353
-37.813325546655705,-25.626620831016833
-37.46188167961531,-27.317372380816614
-36.442962842162466,-28.62102816100888
-36.16113686726427,-29.698186547616793
-35.780741843005686,-30.567123018386635
-33.30800578249505,-30.958677698973553
-32.56126064341057,-31.18761811960741
-32.60459255414203,-31.390043038826644
-32.723651141843625,-31.580558482114785
-33.2390690421075,-31.817488562113745
-33.890093311617676,-32.113574954900024
-32.126229012248295,-32.11538267737835
-29.58135949792625,-31.75337936602805
-27.00796674167989,-31.075463276835457
-22.202185992345882,-29.80785223619409
-18.156223514670316,-28.14333384740498
-12.564453841798247,-25.91777956088973
-8.495497055117537,-23.42888206006513
-4.4995134844320415,-20.724686549260404
-0.6587151859534954,-17.858119211645132
1.2839218314781764,-15.123541919770375
2.4989027802269845,-12.606049819770753
1.6446476526245999,-10.570235895142845
-0.0686574391750738,-9.070010401433164
-1.1468653489893932,-7.9381325367983395
-0.15367329791713008,-6.826066931243881
0.7512379801114271,-5.743594801050266
2.7256000994453444,-4.533709815265179
9.593987102889807,-2.5154673983858955
16.265895997134557,0.16758451525988305
19.268282066789716,2.896255594049859
20.92783614609938,5.472195672914077
22.861151754499623,7.956332255997726
22.888775506777392,10.089538434680536
23.91429498582615,12.064503656272766
25.21627861487978,13.943328650359483
26.42478637874017,15.726394040128152
26.8920321697938,17.32148520150896
25.192841025117602,18.445964604881624
21.98599107120848,18.951682671499746
17.808089113958328,18.788312163279542
15.675082526970849,18.3435650723783
12.37688657549519,17.49118242996643
10.212113305133846,16.4513154121332
7.810402111042667,15.216899226263125
6.263534001271928,13.937847051264383
6.812282538780848,12.919909263766735
3.8122301447651976,11.618812246766515
3.492792871334987,10.457952335990582
4.009169345763237,9.536697623100961
4.414713442592431,8.804985597314028
4.782007716427854,8.230274471473146
4.252108364180817,7.661965027574242
4.207822303097537,7.168516066934712
3.586953829913433,6.6568643187888155
1.2695765780875792,5.887251784402925
-0.07356855448140316,5.035706021705164
-1.92636979165049,4.041123762654356
-2.0374221501004093,3.172760060832247
-2.172294787857241,2.409180796733749
-8.260619869613405,0.8849235586841555
-10.164636281914882,-0.6935849899728498
-11.290797071350447,-2.2074724301696493
-12.466733600400552,-3.673081168774064
-14.245520428464179,-5.18342963444408
-10.112940446564274,-5.8876454647469645
-9.744199776943372,-6.438581795060737
-11.23409000601928,-7.123654396626243
-14.35696728374229,-8.156984809071393
-17.088424553560728,-9.432904772569868
-17.359412572381117,-10.565263029685761
-15.767960670085639,-11.308505549742886
-13.056649404020519,-11.558240386068261
-12.445306574676309,-11.684964127297983
-13.432081348818963,-11.93455230180098
-13.083757428874849,-12.098724462811534
-13.664270668461775,-12.322373920761569
-12.197096835378748,-12.30447719427831
-12.232463563997683,-12.294189532809648
-12.805629624336245,-12.367252403027733
-13.284470023452991,-12.498283491659912
-12.448665735226873,-12.491195240740906
-13.510003196688343,-12.636739234447683
-13.943242601620359,-12.823382572615207
-14.355587169709935,-13.04226894362874
-14.6458193179063,-13.271347568525535
-12.546966778683366,-13.167864598548082
-13.359873928615222,-13.195294502843387
-15.515775057543111,-13.526791724943347
-16.19161511739129,-13.907480781007338
-16.195667774511705,-14.234364637222248
-16.002963738779435,-14.487021651730418
-16.25755650711576,-14.739955202499752
-17.59052752678883,-15.147179820255335
-18.68924988501185,-15.653189829506266
-17.13102291965918,-15.864308842385254
-16.334763152711446,-15.931516601003281
-15.113269964407575,-15.814624224346751
-13.221774165648357,-15.444217073104124
-11.238415732468022,-14.84338831015611
-8.170511830423793,-13.890120241622922
-6.463532103218198,-12.829179078993675
-5.283184901602482,-11.751179910794933
-4.697189321975709,-10.743466969535044
-4.034057660145028,-9.78497992533647
-4.2172207613892345,-8.989585759058293
-2.243346988290833,-8.02583736323437
0.13220272578240336,-6.8604030648034025
0.9244258372923023,-5.748284650218301
1.6529023393332074,-4.690972223139514
2.384248918079904,-3.6802263458224544
2.530456257617216,-2.7929859739025016
4.921421197995341,-1.6909278064885243
8.594230505661915,-0.22161947618131866
12.543566499062386,1.6019785202820678
18.565631744500806,4.025357552313316
23.530661074616788,6.811829484070954
27.561421686024833,9.776056941492937
31.138990792030327,12.827904634426849
34.90001123641894,15.981062720425719
37.576407663425194,19.066111997997073
40.17690574168544,22.08193967566684
42.61091755731704,25.014650801616867
46.15584056270493,28.03482076748659
49.50769694056839,31.102374506498276
52.62892703237809,34.17759629590968
54.16854403301008,37.03344597263831
52.614562578050126,39.25931977341143
50.757406166573,40.90190354386308
50.89026887885725,42.32881287743368
51.2590375012097,43.604559252258824
51.2979047092069,44.7036086032514
51.06110732238695,45.611822705985055
51.34443359182269,46.43076711824757
51.33557991663811,47.131454660874795
